/*!40101 SET @OLD_CHARACTER_SET_CLIENT=@@CHARACTER_SET_CLIENT */;
/*!40101 SET NAMES utf8 */;
/*!50503 SET NAMES utf8mb4 */;
/*!40103 SET @OLD_TIME_ZONE=@@TIME_ZONE */;
/*!40103 SET TIME_ZONE='+00:00' */;
/*!40014 SET @OLD_FOREIGN_KEY_CHECKS=@@FOREIGN_KEY_CHECKS, FOREIGN_KEY_CHECKS=0 */;
/*!40101 SET @OLD_SQL_MODE=@@SQL_MODE, SQL_MODE='NO_AUTO_VALUE_ON_ZERO' */;
/*!40111 SET @OLD_SQL_NOTES=@@SQL_NOTES, SQL_NOTES=0 */;

INSERT INTO `anh` (`id`, `id_san_pham`, `url`, `main`, `ngay_tao`, `ngay_sua`, `nguoi_tao`, `nguoi_sua`, `trang_thai`) VALUES
	(13, 5, 'https://firebasestorage.googleapis.com/v0/b/datn-lightbe.appspot.com/o/images%2FmkjwNQL6XO.png?alt=media&token=1673ccf6-6d08-40db-8c98-911cc9b72c17', b'0', '2024-02-13 08:14:10', NULL, NULL, NULL, b'1'),
	(70, 14, 'https://firebasestorage.googleapis.com/v0/b/datn-lightbe.appspot.com/o/images%2FPptZCFoTSE.png?alt=media&token=94116f31-bbf1-4ee0-8ebc-a33a8dc56771', b'0', '2024-02-20 13:08:17', NULL, NULL, NULL, b'1'),
	(71, 14, 'https://firebasestorage.googleapis.com/v0/b/datn-lightbe.appspot.com/o/images%2FUoPHKvQggy.png?alt=media&token=8bca6337-0d26-4d38-a381-65a7fa1236c3', b'0', '2024-02-20 13:08:17', NULL, NULL, NULL, b'1'),
	(72, 14, 'https://firebasestorage.googleapis.com/v0/b/datn-lightbe.appspot.com/o/images%2FeQsdwcFTpu.png?alt=media&token=6e93b0b4-95d3-4c0e-9ef5-54bcffa17c74', b'0', '2024-02-20 13:08:41', '2024-02-20 13:08:41', NULL, NULL, b'0'),
	(74, 14, 'https://firebasestorage.googleapis.com/v0/b/datn-lightbe.appspot.com/o/images%2FuoRjxcZAqN.png?alt=media&token=e1088ae9-a225-42fc-9ec1-08c1eff6733c', b'0', '2024-02-20 13:13:39', NULL, NULL, NULL, b'1'),
	(75, 14, 'https://firebasestorage.googleapis.com/v0/b/datn-lightbe.appspot.com/o/images%2F3bSwQjOUNH.png?alt=media&token=b88f6577-2ec4-45d5-8b7b-1d20cea024c1', b'0', '2024-02-20 13:14:16', NULL, NULL, NULL, b'1'),
	(76, 14, 'https://firebasestorage.googleapis.com/v0/b/datn-lightbe.appspot.com/o/images%2FDfrO86JeNS.png?alt=media&token=86a69da1-9eee-4aa0-b79a-f0d058493589', b'0', '2024-02-20 14:36:13', NULL, NULL, NULL, b'1'),
	(77, 14, 'https://firebasestorage.googleapis.com/v0/b/datn-lightbe.appspot.com/o/images%2Fer1lsZHoDl.png?alt=media&token=5062b6bf-3678-4587-aef4-9fc4151049ea', b'1', '2024-02-20 14:36:34', NULL, NULL, NULL, b'1'),
	(79, 13, 'https://firebasestorage.googleapis.com/v0/b/datn-lightbe.appspot.com/o/images%2FSCxTg2SfWG.png?alt=media&token=e0015050-4413-48d7-a3e1-f8f63542b467', b'0', '2024-02-20 14:39:34', NULL, NULL, NULL, b'1'),
	(80, 13, 'https://firebasestorage.googleapis.com/v0/b/datn-lightbe.appspot.com/o/images%2FgwNmmwUjYX.png?alt=media&token=311cbecf-fe16-4fc2-83ae-5be4ce9e6803', b'0', '2024-02-20 14:40:02', '2024-02-20 14:40:02', NULL, NULL, b'0'),
	(81, 13, 'https://firebasestorage.googleapis.com/v0/b/datn-lightbe.appspot.com/o/images%2F12gw80FUxB.png?alt=media&token=be00e043-f759-40bf-80d9-0b65498a98aa', b'0', '2024-02-20 14:40:02', '2024-02-20 14:40:02', NULL, NULL, b'0'),
	(82, 13, 'https://firebasestorage.googleapis.com/v0/b/datn-lightbe.appspot.com/o/images%2FUbOYynKXNu.png?alt=media&token=762c6665-bb16-4c4e-99db-131929d53d6f', b'0', '2024-02-20 14:40:15', NULL, NULL, NULL, b'1'),
	(83, 3, 'https://firebasestorage.googleapis.com/v0/b/datn-lightbe.appspot.com/o/images%2FXGnDvaDmNF.png?alt=media&token=8c18b232-c3ae-45c8-b526-6fd28b2e95bb', b'0', '2024-02-20 14:40:59', '2024-02-20 14:40:59', NULL, NULL, b'0'),
	(84, 3, 'https://firebasestorage.googleapis.com/v0/b/datn-lightbe.appspot.com/o/images%2FQPrqMMj1d2.png?alt=media&token=3fb5caa8-6116-455f-a6af-68b74c3b75c4', b'0', '2024-02-20 14:40:59', '2024-02-20 14:40:59', NULL, NULL, b'0'),
	(85, 3, 'https://firebasestorage.googleapis.com/v0/b/datn-lightbe.appspot.com/o/images%2Fvmd850fmIN.png?alt=media&token=9d5043cf-5965-4d01-953a-fbbd288f41ef', b'0', '2024-02-20 14:40:59', '2024-02-20 14:40:59', NULL, NULL, b'0'),
	(86, 3, 'https://firebasestorage.googleapis.com/v0/b/datn-lightbe.appspot.com/o/images%2FHd0foSHSk9.png?alt=media&token=357e134f-dc3c-4e93-b0be-864448ca1868', b'1', '2024-02-20 14:41:11', NULL, NULL, NULL, b'1'),
	(87, 9, 'https://firebasestorage.googleapis.com/v0/b/datn-lightbe.appspot.com/o/images%2FDWAPehcmXD.png?alt=media&token=46040ff1-3b07-437b-a0dd-79c247cf4991', b'0', '2024-02-20 14:41:59', '2024-02-20 14:41:59', NULL, NULL, b'0'),
	(88, 9, 'https://firebasestorage.googleapis.com/v0/b/datn-lightbe.appspot.com/o/images%2Fnl1cp5gwf0.png?alt=media&token=8b5c039d-bb8f-45f6-84cc-80e4a4a15011', b'0', '2024-02-20 14:41:59', '2024-02-20 14:41:59', NULL, NULL, b'0'),
	(89, 9, 'https://firebasestorage.googleapis.com/v0/b/datn-lightbe.appspot.com/o/images%2FQ48G76fzcR.png?alt=media&token=6cd03336-4967-4cf4-bbc8-4497cbf5d9a6', b'0', '2024-02-20 14:41:59', '2024-02-20 14:41:59', NULL, NULL, b'0'),
	(90, 9, 'https://firebasestorage.googleapis.com/v0/b/datn-lightbe.appspot.com/o/images%2FJ3gC6buWgX.png?alt=media&token=070a8aea-697e-4e0a-b4fd-b065039ac186', b'1', '2024-02-20 14:42:11', NULL, NULL, NULL, b'1'),
	(95, 4, 'https://firebasestorage.googleapis.com/v0/b/datn-lightbe.appspot.com/o/images%2FPAX9Ozumj5.png?alt=media&token=a8c1c182-637b-4b63-b0b3-6e9fb4f57a8b', b'0', '2024-02-20 14:45:24', '2024-02-20 14:45:24', NULL, NULL, b'0'),
	(96, 4, 'https://firebasestorage.googleapis.com/v0/b/datn-lightbe.appspot.com/o/images%2FUziWq8mUQE.png?alt=media&token=87b94299-467f-4fc8-868f-29c6bfad8963', b'0', '2024-02-20 14:45:24', '2024-02-20 14:45:24', NULL, NULL, b'0'),
	(97, 4, 'https://firebasestorage.googleapis.com/v0/b/datn-lightbe.appspot.com/o/images%2FY1H56rfEJa.png?alt=media&token=fd26842e-ab92-4358-8650-e6b33b55760b', b'0', '2024-02-20 14:45:24', '2024-02-20 14:45:24', NULL, NULL, b'0'),
	(98, 4, 'https://firebasestorage.googleapis.com/v0/b/datn-lightbe.appspot.com/o/images%2F3gVCCKnBoL.png?alt=media&token=27e45ff7-6948-44d2-9e79-7af40bc586cc', b'1', '2024-02-20 14:45:35', NULL, NULL, NULL, b'1'),
	(99, 1, 'https://firebasestorage.googleapis.com/v0/b/datn-lightbe.appspot.com/o/images%2FFkExeV1hle.png?alt=media&token=d5182e2c-a9a1-4482-9023-3b88d0303428', b'0', '2024-02-20 14:51:51', '2024-02-20 14:51:51', NULL, NULL, b'0'),
	(100, 1, 'https://firebasestorage.googleapis.com/v0/b/datn-lightbe.appspot.com/o/images%2FlI8PY7b6j7.png?alt=media&token=33731f77-fbe5-40a3-bc83-c585b1fc6593', b'0', '2024-02-20 14:51:51', '2024-02-20 14:51:51', NULL, NULL, b'0'),
	(101, 1, 'https://firebasestorage.googleapis.com/v0/b/datn-lightbe.appspot.com/o/images%2FW7QsVpbVlg.png?alt=media&token=44091300-6a0f-4585-8ee0-677e075f1af6', b'1', '2024-02-20 14:51:51', '2024-02-20 14:51:51', NULL, NULL, b'0'),
	(102, 1, 'https://firebasestorage.googleapis.com/v0/b/datn-lightbe.appspot.com/o/images%2FybMQuJmaL4.png?alt=media&token=524c0207-cf31-45c6-bcf5-06aa7f1f519a', b'0', '2024-02-20 14:52:27', NULL, NULL, NULL, b'1'),
	(103, 6, 'https://firebasestorage.googleapis.com/v0/b/datn-lightbe.appspot.com/o/images%2Foe1hqapSPp.png?alt=media&token=a0143ff1-1742-4580-aba7-5539c1ae80c3', b'0', '2024-02-20 14:55:44', '2024-02-20 14:55:44', NULL, NULL, b'0'),
	(104, 6, 'https://firebasestorage.googleapis.com/v0/b/datn-lightbe.appspot.com/o/images%2FURX1USrfdn.png?alt=media&token=bbedc84e-7177-45f3-bd1d-2b743ebc510b', b'0', '2024-02-20 14:55:44', '2024-02-20 14:55:44', NULL, NULL, b'0'),
	(105, 6, 'https://firebasestorage.googleapis.com/v0/b/datn-lightbe.appspot.com/o/images%2Fq2sztxHSl1.png?alt=media&token=2adc0460-be4f-4693-8d11-039697e9f9ea', b'0', '2024-02-20 14:55:44', '2024-02-20 14:55:44', NULL, NULL, b'0'),
	(106, 6, 'https://firebasestorage.googleapis.com/v0/b/datn-lightbe.appspot.com/o/images%2FDEf3nqF9JQ.png?alt=media&token=b4d95c27-52da-440d-91aa-6ff7b93b74fa', b'1', '2024-02-20 14:55:56', NULL, NULL, NULL, b'1'),
	(107, 5, 'https://firebasestorage.googleapis.com/v0/b/datn-lightbe.appspot.com/o/images%2F4HkTKSiXJm.png?alt=media&token=4cd19a0b-443e-4d7a-9272-eed2ffd5b9aa', b'0', '2024-02-20 14:57:00', '2024-02-20 14:57:00', NULL, NULL, b'0'),
	(111, 16, 'https://firebasestorage.googleapis.com/v0/b/datn-lightbe.appspot.com/o/images%2Fy2hoOV7EZC.png?alt=media&token=2b958da4-c6b9-460a-84bf-9428fc836127', b'1', '2024-02-22 14:33:54', NULL, NULL, NULL, b'1'),
	(112, 16, 'https://firebasestorage.googleapis.com/v0/b/datn-lightbe.appspot.com/o/images%2Fz2p7qj0OyQ.png?alt=media&token=51096722-64f3-4f61-904f-876f3d321622', b'0', '2024-02-22 14:33:54', NULL, NULL, NULL, b'1'),
	(113, 16, 'https://firebasestorage.googleapis.com/v0/b/datn-lightbe.appspot.com/o/images%2FzY9XlmGVmQ.png?alt=media&token=856476af-3d27-4826-84d2-48c740f907a4', b'0', '2024-02-22 14:33:54', NULL, NULL, NULL, b'1'),
	(114, 16, 'https://firebasestorage.googleapis.com/v0/b/datn-lightbe.appspot.com/o/images%2F95CjnghQ9H.png?alt=media&token=e01d0dd5-6ff1-40be-bca5-81d03750de90', b'0', '2024-02-22 14:33:54', NULL, NULL, NULL, b'1'),
	(115, 17, 'https://firebasestorage.googleapis.com/v0/b/datn-lightbe.appspot.com/o/images%2FRbT7rRv6lx.png?alt=media&token=c234b894-ea74-4f19-945e-78258e221855', b'1', '2024-02-22 14:47:45', NULL, NULL, NULL, b'1'),
	(116, 17, 'https://firebasestorage.googleapis.com/v0/b/datn-lightbe.appspot.com/o/images%2FzNvythT0Iv.png?alt=media&token=32327150-782c-4573-bcab-0355e9257de4', b'0', '2024-02-22 14:48:11', '2024-02-22 14:48:11', NULL, NULL, b'0'),
	(117, 17, 'https://firebasestorage.googleapis.com/v0/b/datn-lightbe.appspot.com/o/images%2F1CCmCGFRJK.png?alt=media&token=22b0ddd5-b32c-46df-a8a3-430f42accfcd', b'0', '2024-02-22 14:48:11', '2024-02-22 14:48:11', NULL, NULL, b'0'),
	(118, 17, 'https://firebasestorage.googleapis.com/v0/b/datn-lightbe.appspot.com/o/images%2FX88f58GybX.png?alt=media&token=ce1f0237-cd15-4ee0-abdb-4fbbfed282ad', b'0', '2024-02-22 14:48:11', '2024-02-22 14:48:11', NULL, NULL, b'0'),
	(119, 18, 'https://firebasestorage.googleapis.com/v0/b/datn-lightbe.appspot.com/o/images%2FSCMvcgjXL0.png?alt=media&token=807bc2b4-9448-4654-b938-2d1d975f47b6', b'1', '2024-02-22 14:51:38', NULL, NULL, NULL, b'1'),
	(120, 18, 'https://firebasestorage.googleapis.com/v0/b/datn-lightbe.appspot.com/o/images%2FHk5Vpk3Ohx.png?alt=media&token=881381f7-2a42-4625-b223-67407e60a075', b'0', '2024-02-22 14:51:56', '2024-02-22 14:51:56', NULL, NULL, b'0'),
	(121, 18, 'https://firebasestorage.googleapis.com/v0/b/datn-lightbe.appspot.com/o/images%2FDW6VzSKk2p.png?alt=media&token=476f5d8c-4381-4a98-9885-992d8d4c5a2f', b'0', '2024-02-22 14:51:56', '2024-02-22 14:51:56', NULL, NULL, b'0'),
	(122, 18, 'https://firebasestorage.googleapis.com/v0/b/datn-lightbe.appspot.com/o/images%2FTZeDC413qE.png?alt=media&token=3eec4dce-158f-40e0-b025-cc6d1274276e', b'0', '2024-02-22 14:51:56', '2024-02-22 14:51:56', NULL, NULL, b'0'),
	(123, 19, 'https://firebasestorage.googleapis.com/v0/b/datn-lightbe.appspot.com/o/images%2F4g8yJvvq3x.png?alt=media&token=05d0fd7c-3496-4e4a-a1d0-2abeb5a13b1d', b'1', '2024-02-22 14:54:50', NULL, NULL, NULL, b'1'),
	(124, 19, 'https://firebasestorage.googleapis.com/v0/b/datn-lightbe.appspot.com/o/images%2FRwr6uTsfW0.png?alt=media&token=4754da9f-22f3-46de-9a86-b1f69d7a469f', b'0', '2024-02-22 14:55:59', '2024-02-22 14:55:59', NULL, NULL, b'0'),
	(125, 19, 'https://firebasestorage.googleapis.com/v0/b/datn-lightbe.appspot.com/o/images%2FD8qSeIws3Q.png?alt=media&token=c3241a82-1743-4cf5-9094-b5dc676e14c5', b'0', '2024-02-22 14:55:59', '2024-02-22 14:55:59', NULL, NULL, b'0'),
	(126, 19, 'https://firebasestorage.googleapis.com/v0/b/datn-lightbe.appspot.com/o/images%2FNwgSuLJJ9V.png?alt=media&token=5edb985d-a0db-48a6-9e8c-832709f96695', b'0', '2024-02-22 14:55:59', '2024-02-22 14:55:59', NULL, NULL, b'0'),
	(127, 13, 'https://firebasestorage.googleapis.com/v0/b/datn-lightbe.appspot.com/o/images%2FTwLcfL9tlB.png?alt=media&token=31847236-aad8-4aaf-8960-396f56798c80', b'1', '2024-02-22 15:00:29', NULL, NULL, NULL, b'1'),
	(128, 13, 'https://firebasestorage.googleapis.com/v0/b/datn-lightbe.appspot.com/o/images%2FUs6CuBpME7.png?alt=media&token=f34a325c-a0bf-40da-87c5-7e0241e04203', b'0', '2024-02-22 15:00:52', NULL, NULL, NULL, b'1'),
	(129, 5, 'https://firebasestorage.googleapis.com/v0/b/datn-lightbe.appspot.com/o/images%2FOlrO4h1hyC.png?alt=media&token=dce177d9-8fa1-4a2c-8c26-ddc65ff55a31', b'1', '2024-02-22 15:04:36', '2024-02-22 15:04:36', NULL, NULL, b'0'),
	(131, 23, 'https://firebasestorage.googleapis.com/v0/b/datn-lightbe.appspot.com/o/images%2F6q5P1xiB0b.png?alt=media&token=eeb28bca-453b-4d81-8cf2-312f263bdf65', b'1', '2024-02-26 11:55:30', NULL, NULL, NULL, b'1'),
	(132, 23, 'https://firebasestorage.googleapis.com/v0/b/datn-lightbe.appspot.com/o/images%2FuYb8dRPWMb.png?alt=media&token=7933b103-6294-4d1c-b855-f8526f68f2a1', b'0', '2024-02-26 14:08:46', '2024-02-26 14:08:46', NULL, NULL, b'0'),
	(133, 23, 'https://firebasestorage.googleapis.com/v0/b/datn-lightbe.appspot.com/o/images%2Fh4McbSwaUR.png?alt=media&token=b12c41f8-46aa-41f5-8eb9-62c876c38086', b'0', '2024-02-26 14:08:46', '2024-02-26 14:08:46', NULL, NULL, b'0'),
	(134, 23, 'https://firebasestorage.googleapis.com/v0/b/datn-lightbe.appspot.com/o/images%2F4AUIVr7m7B.png?alt=media&token=8cb1aabd-d151-4c88-8060-c0faff1b2316', b'0', '2024-02-26 14:08:46', '2024-02-26 14:08:46', NULL, NULL, b'0'),
	(135, 21, 'https://firebasestorage.googleapis.com/v0/b/datn-lightbe.appspot.com/o/images%2FVdkAqkm3pk.png?alt=media&token=63f60680-fc5b-4798-a1ca-bef17c0ccb6a', b'0', '2024-03-04 12:18:39', NULL, NULL, NULL, b'1'),
	(136, 21, 'https://firebasestorage.googleapis.com/v0/b/datn-lightbe.appspot.com/o/images%2F86qwWD9elE.png?alt=media&token=c43d5f41-c5ed-4c33-bbfe-4e13b120ef68', b'1', '2024-03-04 12:19:11', '2024-03-04 12:19:11', NULL, NULL, b'0'),
	(137, 21, 'https://firebasestorage.googleapis.com/v0/b/datn-lightbe.appspot.com/o/images%2FBZ7UIKiP6k.png?alt=media&token=6fbc8cb0-17a3-4d1b-8e37-8bd22b40a2e8', b'0', '2024-03-04 12:19:11', '2024-03-04 12:19:11', NULL, NULL, b'0');

INSERT INTO `chat_lieu` (`id`, `ten`, `ngay_tao`, `ngay_sua`, `nguoi_tao`, `nguoi_sua`, `trang_thai`) VALUES
	(1, 'Vải', '2024-02-05 02:15:55', '2024-02-05 02:15:55', NULL, NULL, b'1'),
	(2, 'Da Công Nghiệp', '2024-02-05 08:15:23', '2024-02-05 08:15:23', NULL, NULL, b'1'),
	(3, 'Da Lộn', '2024-02-14 07:53:49', '2024-02-14 07:53:49', NULL, NULL, b'1');

INSERT INTO `chi_tiet_san_pham` (`id`, `id_san_pham`, `id_mau_sac`, `id_de_giay`, `id_kich_co`, `id_chat_lieu`, `id_co_giay`, `id_anh`, `id_mui_giay`, `ma_san_pham`, `gia_nhap`, `gia_goc`, `gia_ban`, `is_sale`, `giam_phan_tram`, `giam_tien`, `so_luong_ton`, `ngay_tao`, `ngay_sua`, `nguoi_tao`, `nguoi_sua`, `trang_thai`) VALUES
	(2, 1, 1, 1, 2, 1, 1, 102, 1, 'SP000119', 0.00, 2500000.00, 1299000.00, b'1', 0, NULL, 91, '2024-02-25 14:28:37', NULL, NULL, NULL, b'1'),
	(3, 1, 1, 1, 3, 1, 1, 102, 1, 'SP000084', 0.00, 2500000.00, 1999000.00, b'1', 0, NULL, 100, '2024-02-25 14:28:37', NULL, NULL, NULL, b'1'),
	(4, 1, 1, 1, 4, 1, 1, 102, 1, 'SP000116', 0.00, 2500000.00, 1999000.00, b'1', 0, NULL, 100, '2024-02-25 14:28:37', NULL, NULL, NULL, b'1'),
	(5, 1, 1, 1, 5, 1, 1, 102, 1, 'SP000068', 0.00, 2500000.00, 1999000.00, b'1', 0, NULL, 100, '2024-02-25 14:28:37', NULL, NULL, NULL, b'1'),
	(11, 1, 1, 1, 6, 1, 1, 102, 1, 'SP000117', 0.00, 2500000.00, 1999000.00, b'1', 0, NULL, 100, '2024-02-25 14:28:37', NULL, NULL, NULL, b'1'),
	(19, 3, 3, 1, 8, 2, 1, 86, 1, 'SP000124', 0.00, 1600000.00, 1499000.00, b'0', 0, NULL, 25, '2024-02-29 15:01:01', NULL, NULL, NULL, b'1'),
	(20, 3, 3, 1, 9, 2, 1, 86, 1, 'SP000126', 0.00, 1600000.00, 1499000.00, b'0', 0, NULL, 25, '2024-02-29 15:01:01', NULL, NULL, NULL, b'1'),
	(21, 3, 3, 1, 10, 2, 1, 86, 1, 'SP000127', 0.00, 1600000.00, 1499000.00, b'0', 0, NULL, 24, '2024-02-29 15:01:01', NULL, NULL, NULL, b'1'),
	(22, 3, 3, 1, 11, 2, 1, 86, 1, 'SP000128', 0.00, 1600000.00, 1499000.00, b'0', 0, NULL, 25, '2024-02-29 15:01:01', NULL, NULL, NULL, b'1'),
	(23, 4, 2, 1, 1, 2, 1, 98, 1, 'SP000133', 0.00, 1500000.00, 1399000.00, b'0', 0, NULL, 10, '2024-03-06 08:26:10', NULL, NULL, NULL, b'1'),
	(24, 4, 2, 1, 3, 2, 1, 98, 1, 'SP000134', 0.00, 1500000.00, 1399000.00, b'0', 0, NULL, -2, '2024-03-06 08:26:10', NULL, NULL, NULL, b'1'),
	(25, 4, 2, 1, 2, 2, 1, 98, 1, 'SP000135', 0.00, 1500000.00, 1399000.00, b'0', 0, NULL, 10, '2024-03-06 08:26:10', NULL, NULL, NULL, b'1'),
	(26, 5, 2, 1, 1, 2, 3, 13, 2, 'SP000112', 0.00, 1500000.00, 1399000.00, b'0', 0, NULL, 10, '2024-03-06 08:07:56', NULL, NULL, NULL, b'1'),
	(27, 5, 2, 1, 2, 2, 3, 13, 2, 'SP000130', 0.00, 1500000.00, 1399000.00, b'0', 0, NULL, 9, '2024-03-06 08:07:56', NULL, NULL, NULL, b'1'),
	(28, 5, 2, 1, 3, 2, 3, 13, 2, 'SP000131', 0.00, 1500000.00, 1399000.00, b'0', 0, NULL, 10, '2024-03-06 08:07:56', NULL, NULL, NULL, b'1'),
	(30, 5, 2, 1, 5, 2, 3, 13, 2, 'SP000132', 0.00, 1500000.00, 1399000.00, b'0', 0, NULL, 10, '2024-03-06 08:07:56', NULL, NULL, NULL, b'1'),
	(31, 6, 2, 1, 2, 3, 2, 106, 2, 'SP000136', 0.00, 700000.00, 499000.00, b'0', 0, NULL, 95, '2024-03-07 13:23:17', NULL, NULL, NULL, b'1'),
	(32, 6, 2, 1, 4, 3, 2, 106, 2, 'SP000137', 0.00, 700000.00, 499000.00, b'0', 0, NULL, 97, '2024-03-07 13:23:17', NULL, NULL, NULL, b'1'),
	(33, 6, 2, 1, 3, 3, 2, 106, 2, 'SP000138', 0.00, 700000.00, 499000.00, b'0', 0, NULL, 100, '2024-03-07 13:23:17', NULL, NULL, NULL, b'1'),
	(34, 6, 2, 1, 5, 3, 2, 106, 2, 'SP000139', 0.00, 700000.00, 499000.00, b'0', 0, NULL, 100, '2024-03-07 13:23:17', NULL, NULL, NULL, b'1'),
	(35, 6, 2, 1, 6, 3, 2, 106, 2, 'SP000140', 0.00, 700000.00, 499000.00, b'0', 0, NULL, 100, '2024-03-07 13:23:17', NULL, NULL, NULL, b'1'),
	(46, 9, 2, 1, 12, 2, 1, 90, 1, 'SP000081', 0.00, 4690000.00, 4690000.00, b'0', 0, NULL, 98, '2024-02-20 14:42:11', NULL, NULL, NULL, b'1'),
	(49, 9, 2, 1, 13, 2, 1, 90, 1, 'SP000096', 0.00, 4690000.00, 4690000.00, b'0', 0, NULL, 101, '2024-02-20 14:42:11', NULL, NULL, NULL, b'1'),
	(50, 9, 2, 1, 11, 2, 1, 90, 1, 'SP000097', 0.00, 4690000.00, 4690000.00, b'0', 0, NULL, 10, '2024-02-20 14:42:11', NULL, NULL, NULL, b'1'),
	(63, 14, 1, 1, 4, 2, 1, 70, 1, 'SP000093', 0.00, 1500000.00, 1299000.00, b'0', 0, NULL, 10, '2024-02-20 14:36:34', NULL, NULL, NULL, b'1'),
	(64, 14, 1, 1, 5, 2, 1, 70, 1, 'SP000088', 0.00, 1500000.00, 1299000.00, b'0', 0, NULL, 10, '2024-02-20 14:36:34', NULL, NULL, NULL, b'1'),
	(65, 14, 1, 1, 7, 2, 1, 70, 1, 'SP000089', 0.00, 1500000.00, 1299000.00, b'0', 0, NULL, 10, '2024-02-20 14:36:34', NULL, NULL, NULL, b'1'),
	(66, 14, 3, 1, 4, 2, 1, 75, 1, 'SP000090', 0.00, 1500000.00, 1299000.00, b'0', 0, NULL, 10, '2024-02-20 14:36:34', NULL, NULL, NULL, b'1'),
	(67, 14, 3, 1, 5, 2, 1, 75, 1, 'SP000070', 0.00, 1500000.00, 1299000.00, b'0', 0, NULL, 6, '2024-02-20 14:36:34', NULL, NULL, NULL, b'1'),
	(68, 14, 3, 1, 7, 2, 1, 75, 1, 'SP000085', 0.00, 1500000.00, 1299000.00, b'0', 0, NULL, 10, '2024-02-20 14:36:34', NULL, NULL, NULL, b'1'),
	(69, 14, 6, 1, 4, 2, 1, 77, 1, 'SP000086', 0.00, 1500000.00, 1299000.00, b'0', 0, NULL, 10, '2024-02-20 14:36:34', NULL, NULL, NULL, b'1'),
	(70, 14, 6, 1, 5, 2, 1, 77, 1, 'SP000087', 0.00, 1500000.00, 1299000.00, b'0', 0, NULL, 10, '2024-02-20 14:36:34', NULL, NULL, NULL, b'1'),
	(71, 14, 6, 1, 7, 2, 1, 77, 1, 'SP000091', 0.00, 1500000.00, 1299000.00, b'0', 0, NULL, 10, '2024-02-20 14:36:34', NULL, NULL, NULL, b'1'),
	(72, 13, 6, 1, 9, 2, 1, 127, 1, 'SP000092', 0.00, 1860000.00, 1599000.00, b'0', 0, NULL, 100, '2024-02-22 15:00:52', NULL, NULL, NULL, b'1'),
	(73, 13, 6, 1, 10, 2, 1, 127, 1, 'SP000115', 0.00, 1860000.00, 1599000.00, b'0', 0, NULL, 100, '2024-02-22 15:00:52', NULL, NULL, NULL, b'1'),
	(74, 13, 6, 1, 11, 2, 1, 127, 1, 'SP000095', 0.00, 1860000.00, 1599000.00, b'0', 0, NULL, 103, '2024-02-22 15:00:52', NULL, NULL, NULL, b'1'),
	(75, 13, 7, 1, 9, 2, 1, 128, 1, 'SP000071', 0.00, 1860000.00, 1599000.00, b'0', 0, NULL, 100, '2024-02-22 15:00:52', NULL, NULL, NULL, b'1'),
	(76, 13, 7, 1, 10, 2, 1, 128, 1, 'SP000082', 0.00, 1860000.00, 1599000.00, b'0', 0, NULL, 100, '2024-02-22 15:00:52', NULL, NULL, NULL, b'1'),
	(77, 13, 7, 1, 11, 2, 1, 128, 1, 'SP000083', 0.00, 1860000.00, 1599000.00, b'0', 0, NULL, 100, '2024-02-22 15:00:52', NULL, NULL, NULL, b'1'),
	(78, 16, 1, 1, 10, 2, 1, 111, 1, 'SP000078', 0.00, 1500000.00, 700000.00, b'0', 0, NULL, 10, '2024-02-22 14:43:35', NULL, NULL, NULL, b'1'),
	(79, 16, 1, 1, 11, 2, 1, 111, 1, 'SP000079', 0.00, 1500000.00, 700000.00, b'0', 0, NULL, 10, '2024-02-22 14:43:35', NULL, NULL, NULL, b'1'),
	(80, 16, 1, 1, 12, 2, 1, 111, 1, 'SP000080', 0.00, 1500000.00, 700000.00, b'0', 0, NULL, 8, '2024-02-22 14:43:35', NULL, NULL, NULL, b'1'),
	(81, 16, 1, 1, 13, 2, 1, 111, 1, 'SP000094', 0.00, 1500000.00, 700000.00, b'0', 0, NULL, 10, '2024-02-22 14:43:35', NULL, NULL, NULL, b'1'),
	(82, 16, 8, 1, 10, 2, 1, 112, 1, 'SP000099', 0.00, 1500000.00, 700000.00, b'0', 0, NULL, 10, '2024-02-22 14:43:35', NULL, NULL, NULL, b'1'),
	(83, 16, 8, 1, 11, 2, 1, 112, 1, 'SP000100', 0.00, 1500000.00, 700000.00, b'0', 0, NULL, 10, '2024-02-22 14:43:35', NULL, NULL, NULL, b'1'),
	(84, 16, 8, 1, 12, 2, 1, 112, 1, 'SP000101', 0.00, 1500000.00, 700000.00, b'0', 0, NULL, 98, '2024-02-22 14:43:36', NULL, NULL, NULL, b'1'),
	(85, 16, 8, 1, 13, 2, 1, 112, 1, 'SP000102', 0.00, 1500000.00, 700000.00, b'0', 0, NULL, 100, '2024-02-22 14:43:36', NULL, NULL, NULL, b'1'),
	(86, 16, 7, 1, 10, 2, 1, 113, 1, 'SP000103', 0.00, 1500000.00, 700000.00, b'0', 0, NULL, 100, '2024-02-22 14:43:36', NULL, NULL, NULL, b'1'),
	(87, 16, 7, 1, 11, 2, 1, 113, 1, 'SP000059', 0.00, 1500000.00, 700000.00, b'0', 0, NULL, 100, '2024-02-22 14:43:36', NULL, NULL, NULL, b'1'),
	(88, 16, 7, 1, 12, 2, 1, 113, 1, 'SP000060', 0.00, 1500000.00, 700000.00, b'0', 0, NULL, 100, '2024-02-22 14:43:36', NULL, NULL, NULL, b'1'),
	(89, 16, 7, 1, 13, 2, 1, 113, 1, 'SP000061', 0.00, 1500000.00, 700000.00, b'0', 0, NULL, 100, '2024-02-22 14:43:36', NULL, NULL, NULL, b'1'),
	(90, 16, 2, 1, 10, 2, 1, 114, 1, 'SP000062', 0.00, 1500000.00, 700000.00, b'0', 0, NULL, 100, '2024-02-22 14:43:36', NULL, NULL, NULL, b'1'),
	(91, 16, 2, 1, 11, 2, 1, 114, 1, 'SP000074', 0.00, 1500000.00, 700000.00, b'0', 0, NULL, 100, '2024-02-22 14:43:36', NULL, NULL, NULL, b'1'),
	(92, 16, 2, 1, 12, 2, 1, 114, 1, 'SP000075', 0.00, 1500000.00, 700000.00, b'0', 0, NULL, 101, '2024-02-22 14:43:36', NULL, NULL, NULL, b'1'),
	(93, 16, 2, 1, 13, 2, 1, 114, 1, 'SP000076', 0.00, 1500000.00, 700000.00, b'0', 0, NULL, 98, '2024-02-22 14:43:36', NULL, NULL, NULL, b'1'),
	(94, 17, 2, 2, 4, 3, 2, 115, 2, 'SP000077', 0.00, 3500000.00, 2999000.00, b'0', 0, NULL, 99, '2024-02-22 14:47:45', NULL, NULL, NULL, b'1'),
	(95, 17, 2, 2, 5, 3, 2, 115, 2, 'SP000104', 0.00, 3500000.00, 2999000.00, b'0', 0, NULL, 99, '2024-02-22 14:47:45', NULL, NULL, NULL, b'1'),
	(96, 17, 2, 2, 6, 3, 2, 115, 2, 'SP000105', 0.00, 3500000.00, 2999000.00, b'0', 0, NULL, 99, '2024-02-22 14:47:45', NULL, NULL, NULL, b'1'),
	(97, 17, 2, 2, 7, 3, 2, 115, 2, 'SP000106', 0.00, 3500000.00, 2999000.00, b'0', 0, NULL, 99, '2024-02-22 14:47:45', NULL, NULL, NULL, b'1'),
	(98, 18, 2, 1, 4, 2, 1, 119, 1, 'SP000107', 0.00, 5750000.00, 1950000.00, b'0', 0, NULL, 100, '2024-02-22 14:51:38', NULL, NULL, NULL, b'1'),
	(99, 18, 2, 1, 5, 2, 1, 119, 1, 'SP000108', 0.00, 5750000.00, 1950000.00, b'0', 0, NULL, 100, '2024-02-22 14:51:38', NULL, NULL, NULL, b'1'),
	(100, 18, 2, 1, 6, 2, 1, 119, 1, 'SP000109', 0.00, 5750000.00, 1950000.00, b'0', 0, NULL, 100, '2024-02-22 14:51:38', NULL, NULL, NULL, b'1'),
	(101, 19, 2, 1, 8, 2, 2, 123, 1, 'SP000113', 0.00, 2700000.00, 2599000.00, b'0', 0, NULL, 25, '2024-02-25 15:25:42', NULL, NULL, NULL, b'1'),
	(102, 19, 2, 1, 9, 2, 2, 123, 1, 'SP000114', 0.00, 2700000.00, 2599000.00, b'0', 0, NULL, 25, '2024-02-25 15:25:42', NULL, NULL, NULL, b'1'),
	(103, 19, 2, 1, 10, 2, 2, 123, 1, 'SP000118', 0.00, 2700000.00, 2599000.00, b'0', 0, NULL, 25, '2024-02-25 15:25:42', NULL, NULL, NULL, b'1'),
	(104, 19, 2, 1, 11, 2, 2, 123, 1, 'SP000110', 0.00, 2700000.00, 2599000.00, b'0', 0, NULL, 25, '2024-02-25 15:25:42', NULL, NULL, NULL, b'1'),
	(105, 19, 2, 1, 12, 2, 2, 123, 1, 'SP000111', 0.00, 2700000.00, 2599000.00, b'0', 0, NULL, 25, '2024-02-25 15:25:42', NULL, NULL, NULL, b'1'),
	(106, 21, 1, 1, 2, 2, 1, 135, 1, 'SP000129', 0.00, 2900000.00, 1995000.00, b'0', 0, NULL, 24, '2024-03-04 12:18:39', NULL, NULL, NULL, b'1'),
	(107, 23, 6, 1, 2, 2, 1, 131, 1, 'SP000125', 0.00, 6000000.00, 4999000.00, b'1', 0, NULL, 10, '2024-02-26 11:56:01', NULL, NULL, NULL, b'1'),
	(108, 23, 6, 1, 3, 2, 1, 131, 1, 'SP000120', 0.00, 6000000.00, 4999000.00, b'1', 0, NULL, 10, '2024-02-26 11:56:01', NULL, NULL, NULL, b'1'),
	(109, 23, 6, 1, 4, 2, 1, 131, 1, 'SP000121', 0.00, 6000000.00, 4999000.00, b'1', 0, NULL, 10, '2024-02-26 11:56:01', NULL, NULL, NULL, b'1'),
	(110, 23, 6, 1, 5, 2, 1, 131, 1, 'SP000122', 0.00, 6000000.00, 4999000.00, b'1', 0, NULL, 10, '2024-02-26 11:56:01', NULL, NULL, NULL, b'1'),
	(111, 23, 6, 1, 6, 2, 1, 131, 1, 'SP000123', 0.00, 6000000.00, 4999000.00, b'1', 0, NULL, 10, '2024-02-26 11:56:01', NULL, NULL, NULL, b'1'),
	(112, 6, 2, 1, 1, 3, 2, 106, 2, 'SP000098', 0.00, 700000.00, 499000.00, b'0', 0, NULL, 100, '2024-03-07 13:23:17', NULL, NULL, NULL, b'1'),
	(113, 6, 2, 1, 7, 3, 2, 106, 2, 'SP000141', 0.00, 700000.00, 499000.00, b'0', 0, NULL, 100, '2024-03-07 13:23:17', NULL, NULL, NULL, b'1'),
	(114, 6, 2, 1, 8, 3, 2, 106, 2, 'SP000142', 0.00, 700000.00, 499000.00, b'0', 0, NULL, 100, '2024-03-07 13:23:17', NULL, NULL, NULL, b'1'),
	(115, 6, 2, 1, 9, 3, 2, 106, 2, 'SP000143', 0.00, 700000.00, 499000.00, b'0', 0, NULL, 100, '2024-03-07 13:23:17', NULL, NULL, NULL, b'1'),
	(116, 6, 2, 1, 11, 3, 2, 106, 2, 'SP000144', 0.00, 700000.00, 499000.00, b'0', 0, NULL, 100, '2024-03-07 13:23:17', NULL, NULL, NULL, b'1'),
	(117, 6, 2, 1, 10, 3, 2, 106, 2, 'SP000145', 0.00, 700000.00, 499000.00, b'0', 0, NULL, 100, '2024-03-07 13:23:17', NULL, NULL, NULL, b'1');

INSERT INTO `chuc_vu` (`id`, `ten`, `ngay_tao`, `ngay_sua`, `nguoi_tao`, `nguoi_sua`, `trang_thai`) VALUES
	(1, 'Giám Đốc', '2024-02-17 02:15:40', '2024-02-19 13:47:07', NULL, NULL, b'1');

INSERT INTO `co_giay` (`id`, `ten`, `ngay_tao`, `ngay_sua`, `nguoi_tao`, `nguoi_sua`, `trang_thai`) VALUES
	(1, 'Cổ Cao', '2024-02-05 02:16:11', '2024-02-21 06:47:17', NULL, NULL, b'1'),
	(2, 'Cổ Thấp', '2024-02-05 08:15:35', '2024-02-21 07:03:02', NULL, NULL, b'1'),
	(3, 'Cổ Vừa', '2024-02-13 08:11:35', '2024-02-21 06:59:52', NULL, NULL, b'1');

INSERT INTO `de_giay` (`id`, `ten`, `ngay_tao`, `ngay_sua`, `nguoi_tao`, `nguoi_sua`, `trang_thai`) VALUES
	(1, 'Cao Su', '2024-02-05 02:16:04', '2024-02-05 02:16:04', NULL, NULL, b'1'),
	(2, 'Đế Da', '2024-02-20 01:45:21', '2024-02-20 01:45:21', NULL, NULL, b'1');

INSERT INTO `dia_chi` (`id`, `id_khach_hang`, `so_nha`, `phuong_xa`, `quan_huyen`, `tinh_thanh_pho`, `ngay_tao`, `ngay_sua`, `nguoi_tao`, `nguoi_sua`, `trang_thai`) VALUES
	(7, 3, '23 Phố Mới', 'Xã Trịnh Tường', 'Huyện Bát Xát', 'Lào Cai', NULL, NULL, NULL, NULL, NULL),
	(8, 3, '12 Phùng Hưng', 'Phường Mễ Trì', 'Quận Nam Từ Liêm', 'Hà Nội', NULL, NULL, NULL, NULL, NULL),
	(9, 6, 'VLXX', 'Xã Trịnh Tường', 'Huyện Bát Xát', 'Lào Cai', NULL, NULL, NULL, NULL, b'1'),
	(10, 7, 'ABCX', 'Xã Trịnh Tường', 'Huyện Bát Xát', 'Lào Cai', NULL, NULL, NULL, NULL, b'1'),
	(11, 8, '12', 'Phường Hiệp Thành', 'Quận 12', 'TP HCM', '2024-03-10 09:09:49', NULL, NULL, NULL, NULL),
	(12, 9, '24 Thượng Đình', 'Xã Tân Quang', 'Huyện Văn Lâm', 'Hưng Yên', '2024-03-10 12:32:22', NULL, NULL, NULL, NULL),
	(13, 9, '2711', 'Xã Trịnh Tường', 'Huyện Bát Xát', 'Lào Cai', NULL, NULL, NULL, NULL, NULL),
	(14, 10, '24 Thượng Đình', 'Phường Phú Đức', 'Thị xã Bình Long', 'Bình Phước', '2024-03-11 07:39:22', NULL, NULL, NULL, NULL),
	(15, 10, '24 Nguyễn Hiển', 'Phường Phú Thủy', 'Thành phố Phan Thiết', 'Bình Thuận', NULL, NULL, NULL, NULL, NULL);

INSERT INTO `kich_co` (`id`, `ten`, `ngay_tao`, `ngay_sua`, `nguoi_tao`, `nguoi_sua`, `trang_thai`) VALUES
	(1, '30', '2024-02-05 02:18:13', '2024-02-05 02:18:13', NULL, NULL, b'1'),
	(2, '31', '2024-02-05 02:18:17', '2024-02-05 02:18:17', NULL, NULL, b'1'),
	(3, '32', '2024-02-05 02:18:19', '2024-02-05 02:18:19', NULL, NULL, b'1'),
	(4, '33', '2024-02-05 02:18:22', '2024-02-05 02:18:22', NULL, NULL, b'1'),
	(5, '34', '2024-02-05 02:18:25', '2024-02-05 02:18:25', NULL, NULL, b'1'),
	(6, '35', '2024-02-05 02:18:28', '2024-02-05 02:18:28', NULL, NULL, b'1'),
	(7, '36', '2024-02-05 02:18:30', '2024-02-05 02:18:30', NULL, NULL, b'1'),
	(8, '37', '2024-02-05 02:18:33', '2024-02-05 02:18:33', NULL, NULL, b'1'),
	(9, '38', '2024-02-05 02:18:36', '2024-02-05 02:18:36', NULL, NULL, b'1'),
	(10, '39', '2024-02-05 02:18:38', '2024-02-05 02:18:38', NULL, NULL, b'1'),
	(11, '40', '2024-02-05 02:18:43', '2024-02-05 02:18:43', NULL, NULL, b'1'),
	(12, '41', '2024-02-05 02:18:46', '2024-02-05 02:18:46', NULL, NULL, b'1'),
	(13, '42', '2024-02-05 02:18:48', '2024-02-05 02:18:48', NULL, NULL, b'1');

INSERT INTO `mau_sac` (`id`, `ten`, `ma_mau_sac`, `ngay_tao`, `ngay_sua`, `nguoi_tao`, `nguoi_sua`, `trang_thai`) VALUES
	(1, 'Màu Đen', '#000000', '2024-02-05 02:17:10', NULL, NULL, NULL, b'1'),
	(2, 'Màu Trắng', '#FFFFFF', '2024-02-05 02:17:21', NULL, NULL, NULL, b'1'),
	(3, 'Màu Vàng', '#66FF00', '2024-02-05 03:02:34', NULL, NULL, NULL, b'1'),
	(4, 'Màu Đỏ', '#FF0000', '2024-02-13 10:35:40', NULL, NULL, NULL, b'1'),
	(5, 'Màu Xám', '#808080', '2024-02-13 10:38:12', NULL, NULL, NULL, b'1'),
	(6, 'Xanh Dương', '#734DFF', '2024-02-20 14:35:16', NULL, NULL, NULL, b'1'),
	(7, 'Màu Hồng', '#EA99E7', '2024-02-20 14:38:31', NULL, NULL, NULL, b'1'),
	(8, 'Màu Cam', '#96D56C', '2024-02-22 14:31:51', NULL, NULL, NULL, b'1');

INSERT INTO `mui_giay` (`id`, `ten`, `ngay_tao`, `ngay_sua`, `nguoi_tao`, `nguoi_sua`, `trang_thai`) VALUES
	(1, 'Mũi Nhọn', '2024-02-05 02:16:19', '2024-02-05 02:16:19', NULL, NULL, b'1'),
	(2, 'Mũi Tròn', '2024-02-05 08:15:42', '2024-02-05 08:15:42', NULL, NULL, b'1');

INSERT INTO `san_pham` (`id`, `id_thuong_hieu`, `id_the_loai`, `ten`, `ngay_tao`, `ngay_sua`, `nguoi_tao`, `nguoi_sua`, `trang_thai`, `mo_ta`) VALUES
	(1, 1, 1, 'Chuck 70 AT-CX', '2024-02-05 02:13:26', '2024-03-03 14:49:39', NULL, NULL, b'1', '<h2>CHUCK 70 AT-CX PLATFORM - PRODUCT DETAILS</h2><p>NEXT-LEVEL TRAILBLAZER</p><p>The Chuck 70 AT-CX takes the best-ever design you know and love to new heights, with new purpose. Made for outdoor runners, the Chuck 70 AT-CX merges performance and comfort features to help you cover more ground than ever. A higher, platform midsole and CX foam cushioning provide all-day comfort wherever your route takes you. The silhouette maintains the classic Chuck 70 look, while a durable Bosey toe and rugged, new traction outsole encourage you to explore daringly, without leaving style in the dust.</p><p>Features And Benefits</p><p>High-top platform with cotton canvas upper</p><p>CX foam cushioning for all-day comfort</p><p>Bosey toe for added durability</p><p>Diamond lugged outsole for added grip</p><p>Classic Chuck 70 details: Debossed vintage star ankle p</p>'),
	(3, 1, 1, 'Air Jordan 1 Low', '2024-02-05 08:20:00', '2024-02-29 15:01:01', NULL, NULL, b'1', '<p><strong>Tổng quan:</strong></p><ul><li>Phiên bản Air Jordan 1 cổ thấp dành riêng cho chơi golf với thiết kế lấy cảm hứng từ quốc kỳ Hoa Kỳ.</li><li>Phối màu “USA” nổi bật với gam màu đỏ,&nbsp;trắng và xanh dương.</li><li>Chất liệu cao cấp mang lại sự thoải mái và độ bền cao.</li></ul><p><strong>Đặc điểm:</strong></p><ul><li>Phần trên bằng da tổng hợp cao cấp,&nbsp;chống thấm nước.</li><li>Logo Swoosh màu trắng được thêu tỉ mỉ trên hai bên thân giày.</li><li>Logo Jumpman dập nổi trên lưỡi gà và gót giày.</li><li>Lớp lót bằng vải dệt mềm mại,&nbsp;thoáng khí.</li><li>Đế giữa bằng Phylon cho khả năng đệm êm ái.</li><li>Đế ngoài cao su với thiết kế đặc biệt dành cho chơi golf,&nbsp;tăng cường độ bám và chống trượt.</li></ul><h3>Thông tin sản phẩm Giày Air Jordan 1 Low Golf ‘USA’</h3><p><strong>Thương hiệu:</strong><span style="color: rgb(40, 40, 40);">Air Jordan&nbsp;</span></p><p><br></p>'),
	(4, 3, 2, 'Jordan Max Aura 5', '2024-02-05 13:46:48', '2024-03-06 08:26:10', NULL, NULL, b'1', '<p>sdfsdfs</p>'),
	(5, 3, 1, 'Nike Full Force Low White', '2024-02-13 08:11:07', '2024-03-06 08:07:56', NULL, NULL, b'1', '<p>A new shoe with old-school appeal—your retro dreams just came true. This pared-back design references the classic AF-1, then leans into \'80s style with throwback stitching and varsity-inspired colours. Not everything has to be a throwback, though—modern comfort and durability make them easy to wear any time, anywhere. Time to throw them on and go full force.</p><ul><li>Colour Shown: White/Black/Sail/University Gold</li><li>Style: FB1362-103</li></ul><p><br></p>'),
	(6, 4, 1, 'Vans Style 36 “Marshmallow” Dress Blue', '2024-02-14 07:53:12', '2024-03-07 13:23:17', NULL, NULL, b'1', '<p>Vans Style 36 "Marshmallow" Dress Blue</p><p>Màu sắc: Trắng ngà</p><p>Giới tính: Men/Women</p><p>Chất liệu: Da lộn mix vải canvas</p><p>Phụ kiện đi kèm: Box, túi vải</p><p>Chế độ bảo hành: Không hỗ trợ bảo hành với sản phầm order nước ngoài</p><p>Đặt hàng trực tiếp trên website hoặc liên hệ LightBee để được tư vấn và sở hữu ngay sản phẩm<a href="https://www.wear.com.vn/all-shoes-vans" rel="noopener noreferrer" target="_blank" style="color: rgb(87, 84, 84);">&nbsp;giày Vans chính hãng</a>&nbsp;&nbsp;này bạn nhé!</p><p>Nguồn:&nbsp;<a href="https://www.wear.com.vn/" rel="noopener noreferrer" target="_blank" style="color: rgb(87, 84, 84);">https://www.wear.com.vn/</a></p>'),
	(9, 3, 2, 'Luka 2', '2024-02-19 07:20:48', '2024-02-20 14:42:11', NULL, NULL, b'1', '<p><strong>Đặc điểm nổi bật:</strong></p><ul><li><strong>Màu sắc cổ điển:</strong>&nbsp;Thân giày màu kem sữa kết hợp với các điểm nhấn màu đen tạo nên vẻ ngoài thanh lịch và sang trọng.</li><li><strong>Chất liệu bền bỉ:</strong>&nbsp;Mặt lưới dệt thoáng khí đảm bảo sự thoải mái trong khi chơi bóng, lớp phủ overlays gia cố hỗ trợ tăng cường độ bền.</li><li><strong>Hỗ trợ tối ưu:</strong>&nbsp;Đế giữa được trang bị công nghệ Zoom Air Strobel, mang lại khả năng đàn hồi và giảm chấn vượt trội.</li><li><strong>Kiểu dáng thanh thoát:</strong>&nbsp;Kiểu dáng thanh thoát, ôm vừa vặn giúp bạn di chuyển linh hoạt và thoải mái.</li><li><strong>Độ bám tốt:</strong>&nbsp;Đế giày bằng cao su bền bỉ với các rãnh dọc cho độ bám tốt trên nhiều bề mặt khác nhau.</li></ul><p><strong>Giày Bóng rổ Nike Jordan Luka 2 PF Doncic ‘Coconut Milk’ DX9012-100 là lựa chọn hoàn hảo cho:</strong></p><ul><li>Các cầu thủ bóng rổ chuyên nghiệp, những người tìm kiếm một đôi giày mang lại hiệu suất tối ưu.</li><li>Những'),
	(13, 3, 2, 'Giày Sneaker Trẻ Em Nike Revolution 7', '2024-02-20 06:37:14', '2024-02-22 15:00:52', NULL, NULL, b'1', '<p>ưefdsdf</p>'),
	(14, 1, 5, 'Men\'s Golf Shoes', '2024-02-20 12:54:22', '2024-02-20 14:36:34', NULL, NULL, b'1', '<p><span style="color: rgb(85, 85, 85);">Bộ sưu tập giày chơi golf&nbsp;</span><strong style="color: rgb(85, 85, 85);">ZERØGRAND OVERTAKE GOLF WR</strong><span style="color: rgb(85, 85, 85);">&nbsp;đế hybrid mang phong cách sneaker sang trọng, tích hợp công nghệ&nbsp;</span><strong style="color: rgb(85, 85, 85);">GRANDFØAM&nbsp;</strong><span style="color: rgb(85, 85, 85);">mang đến sự thoải mái, linh hoạt cho gôn thủ suốt ngày dài. Mũ giày bằng vải lưới co giãn, ôm khít, vừa vặn với khuôn chân, mang lại cảm giác vừa vặn, thoải mái. Lớp da phía trong có khả năng chống thấm nước, giữ cho đôi chân người chơi luôn khô thoáng. Đế ngoài phú đinh hybrid hiệu suất cao, tạo độ bám chắc chắn cho từng chuyển động xoay người đánh bóng.</span></p><ul><li>Thiết kế tăng hiệu suất cho những cú xoay người đánh bóng</li><li>Kết cấu vải lưới co giãn, vừa vặn và lớp lót phía trong giữ cho đôi chân luôn khô thoáng</li><li>Đệm đế giữa GRANDFØAM êm ái, tạo cảm giác thoải mái cho gôn thủ ngay cuộc chơi kéo '),
	(16, 3, 5, 'Giày Sneaker Nữ Nike Gamma Force', '2024-02-22 14:28:06', '2024-02-22 14:43:35', NULL, NULL, b'1', '<p><strong style="color: rgb(27, 27, 27);">GIÀY THỜI TRANG NỮ NIKE GAMMA FORCE</strong></p><p><span style="color: rgb(27, 27, 27);">Sự kết hợp của phong cách và sự thoải mái được tích hợp trong đôi giày Nike Gramma Force. Gamma kết hợp da lộn với da thật và da tổng hợp để tạo nên một diện mạo mới cho phiên bản AF-1 cổ điển. Các điểm nhấn Nike Grind trên đế ngoài và một chiếc kẹp nhựa bóng ở phần gót tạo nên những chi tiết hiện đại để mang lại cho Gamma Force một màu sắc của riêng nó.</span></p><p><strong>THÔNG SỐ</strong></p><ul><li>Đệm xốp</li><li>Đế giày cao su</li><li>Các lớp da và lưới tăng thêm độ bền và giúp phù hợp với mọi trang phục</li><li>Phần đế được thiết kế tinh tế giúp tăng chiều cao cho bạn</li><li>Các điểm nhấn cao su của Nike Grind chứa ít nhất 5% thành phần tái chế</li><li>Mã sản phẩm: DX9176-102</li></ul><p><br></p>'),
	(17, 3, 2, 'Giày Sneaker Nam Nike Full Force Low', '2024-02-22 14:45:43', '2024-02-22 14:47:45', NULL, NULL, b'1', '<p><strong style="color: rgb(27, 27, 27);">GIÀY SNEAKER NAM NIKE FULL FORCE LOW - TRẮNG</strong></p><p><span style="color: rgb(27, 27, 27);">Nike Full Force Low đưa bạn trở về thời đại của những đôi giày sneakers đơn giản, mạnh mẽ, nơi chất lượng và phong cách vượt thời gian lên ngôi. Đây là một đôi giày hoàn hảo giúp bạn cảm nhận sự ôm chân êm ái, bùng nổ năng lượng trong từng bước di chuyển, và để dấu ấn cá tính trên mọi con đường.</span></p><p><strong>THÔNG SỐ</strong></p><ul><li>Phần trên bằng da thật cao cấp, mềm mại và bền bỉ</li><li>Đế giữa bằng foam êm ái, nâng niu từng bước chân</li><li>Đế ngoài cao su bền bỉ, bám sân tuyệt vời:</li><li>Mã sản phẩm: FB1362-101</li></ul>'),
	(18, 1, 5, 'Air Force 1’07 LX ‘Bling’', '2024-02-22 14:49:13', '2024-02-22 14:51:38', NULL, NULL, b'1', '<p><span style="background-color: transparent; color: rgb(0, 0, 0);">Giới thiệu chung:</span></p><p><span style="background-color: transparent; color: rgb(0, 0, 0);">&nbsp;&nbsp;Giày Nike Air Force 1 Low \'07 LX \'Bling\'&nbsp;là mẫu giày nằm trong dòng sản phẩm Nike Air Force 1 của thương hiệu nổi tiếng trong lĩnh vực trang phục thể thao. Thương hiệu này chính thức ra mắt dòng sản phẩm Nike Air Force 1 do nhà thiết kế Bruce Kilgore sáng chế vào năm 1982 và Nike Air Force 1 đã nhanh chóng tạo nên “cơn sốt” sau khi ra mắt. bắt đầu. Cho đến nay, Nike AF1 vẫn chưa có dấu hiệu “hạ nhiệt” và vẫn là sự lựa chọn hàng đầu của các tín đồ thời trang.&nbsp;</span></p><p><br></p><p><span style="background-color: transparent; color: rgb(0, 0, 0);">Thương hiệu: Nike</span></p><p><span style="background-color: transparent; color: rgb(0, 0, 0);">Mã sản phẩm: CZ8101 100</span></p><p><span style="background-color: transparent; color: rgb(0, 0, 0);">Giới tính: Unisex</span></p><p><span style="background-co'),
	(19, 5, 2, 'STAN SMITH', '2024-02-22 14:52:37', '2024-02-25 15:25:42', NULL, NULL, b'1', '<h2>Workout clothes, for any sport</h2><p>adidas designs for and with athletes of all kinds. Creators, who love to change the game. Challenge conventions. Break the rules and define new ones. Then break them again. We supply teams and individuals with athletic clothing pre-match. To stay focussed. We design sports apparel that get you to the finish line. To win the match. We support women, with bras and tights made for purpose. From low to high support. Maximum comfort. We design, innovate and itterate. Testing new technologies in action. On the pitch, the tracks, the court, the pool. Retro workout clothes inspire new streetwear essentials. Like NMD, Ozweego and our Firebird tracksuits. Classic sports models are brought back to life. Like Stan Smith. And Superstar. Now seen on the streets and the stages.</p><p><br></p><p>Through our collections we blur the borders between high fashion and high performance. Like our adidas by Stella McCartney athletic clothing collection – designed to</p>'),
	(21, 5, 5, 'Giày Sneaker Nữ Fila Court Deluxe Bold', '2024-02-25 16:38:07', '2024-03-04 12:20:32', NULL, NULL, b'1', '<p><strong style="color: rgb(27, 27, 27);">GIÀY SNEAKER NỮ FILA COURT DELUXE BOLD - TRẮNG</strong></p><p><span style="color: rgb(27, 27, 27);">Đưa phong cách thời trang của bạn lên một tầm cao mới với Giày Sneaker Nữ Fila Court Deluxe Bold. Sự kết hợp hoàn hảo giữa thiết kế cổ điển và chất liệu hiện đại, đôi giày này mang đến vẻ ngoài thanh lịch, dễ dàng chuyển đổi từ những buổi đi chơi thường ngày sang các hoạt động thể thao năng động.</span></p><p><span style="color: rgb(27, 27, 27);">"Court Deluxe" là biểu tượng lấy cảm hứng từ bộ môn tennis, nhấn mạnh triết lý độc đáo của FILA "SẠCH, ĐƠN GIẢN, ĐẲNG CẤP" và tái hiện xu hướng những năm 90. Với thiết kế tinh tế, đôi giày này dễ dàng phối hợp với nhiều trang phục, giúp bạn cảm nhận được tinh thần Fila.</span></p><p><strong>THÔNG SỐ</strong></p><ul><li>Thân giày: Da tổng hợp, 100% polyester</li><li>Lớp lót bên trong: 100% polyester</li><li>Đế ngoài: Cao su tổng hợp</li><li>Mã sản phẩm: 1XM02338G-920</li></ul>'),
	(22, NULL, NULL, '123123123', '2024-02-25 16:45:56', '2024-02-25 16:45:56', NULL, NULL, b'0', NULL),
	(23, 5, 5, 'Giày Chạy Bộ Unisex Hoka Cielo X1', '2024-02-26 11:54:05', '2024-03-03 14:49:07', NULL, NULL, b'1', '<p><strong style="color: rgb(27, 27, 27);">GIÀY CHẠY BỘ UNISEX HOKA CIELO X1</strong></p><p><span style="color: rgb(27, 27, 27);">Trải nghiệm sự đột phá với Giày Chạy Bộ Unisex Hoka Cielo X1, sản phẩm mang đến hiệu suất tối ưu và độ bền không giới hạn cho những vận động viên chuyên nghiệp. Thiết kế đỉnh cao, chất liệu tiên tiến, đôi giày giúp bạn cảm nhận được sức mạnh và độ đàn hồi cần thiết để vượt qua mọi giới hạn.</span></p><p><strong>THÔNG SỐ</strong></p><ul><li>Lớp đế carbon dẻo dai, nhẹ nhàng</li><li>Đế giữa được làm từ foam nén chất lượng cao, mang lại sự thoải mái và hỗ trợ tối đa cho từng bước chạy</li><li>Công nghệ Meta-Rocker giúp bạn chuyển động mạnh mẽ, linh hoạt, tiết kiệm năng lượng, duy trì tốc độ đỉnh cao trong suốt cuộc đua.</li><li>Đế Pebax® 4 đinh giúp duy trì độ bám và ổn định trên mọi bề mặt đường đua</li><li>Chất liệu lưới kỹ thuật giúp tăng cường khả năng thoáng khí, giữ cho đôi chân luôn khô ráo trong mọi thời tiết</li><li>Mã sản phẩm: 1147910-ENN</li></ul>');

INSERT INTO `tags` (`id`, `ten`, `ngay_tao`, `ngay_sua`, `nguoi_tao`, `nguoi_sua`, `trang_thai`) VALUES
	(6, '#LUDEPTRAI', '2024-02-22 08:34:04', '2024-02-22 08:34:04', NULL, NULL, b'1'),
	(7, '#ANHTUAN', '2024-02-22 08:53:02', '2024-02-22 08:53:02', NULL, NULL, b'1'),
	(10, '#CHUNGKET', '2024-02-22 12:44:08', '2024-02-22 12:44:15', NULL, NULL, b'1'),
	(11, '#CHUCMUNGNAMMOI', '2024-02-22 12:44:56', '2024-02-22 12:44:56', NULL, NULL, b'1');

INSERT INTO `tags_san_pham` (`id`, `id_tag`, `id_san_pham`) VALUES
	(20, 10, 16),
	(21, 11, 16),
	(22, 6, 17),
	(25, 10, 1),
	(26, 11, 1),
	(28, 7, 23),
	(29, 6, 3),
	(30, 7, 3);

INSERT INTO `the_loai` (`id`, `ten`, `ngay_tao`, `ngay_sua`, `nguoi_tao`, `nguoi_sua`, `trang_thai`) VALUES
	(1, 'Chạy Bộ', '2024-02-05 02:13:36', '2024-02-22 14:55:10', NULL, NULL, b'1'),
	(2, 'Thể Thao', '2024-02-14 07:33:40', '2024-02-21 07:32:40', NULL, NULL, b'1'),
	(5, ' Thời Trang', '2024-02-20 04:30:12', '2024-02-21 06:47:37', NULL, NULL, b'1');

INSERT INTO `thuong_hieu` (`id`, `ten`, `ngay_tao`, `ngay_sua`, `nguoi_tao`, `nguoi_sua`, `trang_thai`) VALUES
	(1, 'Converse', '2024-02-05 02:15:47', '2024-02-05 02:15:47', NULL, NULL, b'1'),
	(2, 'Puma', '2024-02-05 08:14:58', '2024-02-05 08:14:58', NULL, NULL, b'1'),
	(3, 'Nike', '2024-02-13 08:11:18', '2024-02-13 08:11:18', NULL, NULL, b'1'),
	(4, 'Vans', '2024-02-14 07:53:29', '2024-02-14 07:53:29', NULL, NULL, b'1'),
	(5, 'Adidas', '2024-02-22 14:53:20', '2024-02-22 14:53:20', NULL, NULL, b'1');

INSERT INTO `voucher` (`id`, `ma`, `ten`, `gia_tri_tien_mat`, `gia_tri_phan_tram`, `gia_tri_toi_da`, `id_hang_khach_hang`, `dieu_kien`, `so_luong`, `loai_voucher`, `ngay_bat_dau`, `ngay_ket_thuc`, `ngay_tao`, `ngay_sua`, `nguoi_tao`, `nguoi_sua`, `trang_thai`, `mo_ta`) VALUES
	(2, 'VC00001', 'Quan Hung Yen', 0.00, 10, 100000.00, NULL, 100000.00, 100, '%', '2024-02-26 14:01:00', '2024-03-01 14:01:00', NULL, NULL, NULL, NULL, 3, NULL),
	(3, 'VC00002', 'Quan Hung Yen', 10000.00, 0, 100000.00, NULL, 100000.00, 10, '$', '2024-03-05 06:11:00', '2024-03-05 14:14:00', NULL, NULL, NULL, NULL, 3, NULL),
	(4, 'VC00003', 'ccc', 200000.00, 0, 200000.00, NULL, 500000.00, 6, '$', '2024-03-06 09:28:00', '2024-04-14 09:28:00', NULL, NULL, NULL, NULL, 2, NULL),
	(5, 'VC00004', 'cccx', 0.00, 20, 150000.00, NULL, 1000000.00, 97, '%', '2024-03-07 08:17:00', '2024-03-31 08:17:00', NULL, NULL, NULL, NULL, 2, NULL),
	(6, 'VC00005', 'cx5', 1200000.00, 0, 1200000.00, NULL, 10000000.00, 99, '$', '2024-03-07 15:13:00', '2024-04-07 15:13:00', NULL, NULL, NULL, NULL, 2, NULL),
	(7, 'VC00006', 'Anh', 5000000.00, 0, 5000000.00, NULL, 15000000.00, 100, '$', '2024-03-09 12:23:00', '2024-04-07 12:23:00', NULL, NULL, NULL, NULL, 2, NULL),
	(8, 'VC00007', 'Ngan Ha', 0.00, 15, 50000.00, NULL, 250000.00, 83, '%', '2024-03-11 07:47:00', '2024-04-07 07:45:00', NULL, NULL, NULL, NULL, 2, NULL);

/*!40103 SET TIME_ZONE=IFNULL(@OLD_TIME_ZONE, 'system') */;
/*!40101 SET SQL_MODE=IFNULL(@OLD_SQL_MODE, '') */;
/*!40014 SET FOREIGN_KEY_CHECKS=IFNULL(@OLD_FOREIGN_KEY_CHECKS, 1) */;
/*!40101 SET CHARACTER_SET_CLIENT=@OLD_CHARACTER_SET_CLIENT */;
/*!40111 SET SQL_NOTES=IFNULL(@OLD_SQL_NOTES, 1) */;
