/*!40101 SET @OLD_CHARACTER_SET_CLIENT=@@CHARACTER_SET_CLIENT */;
/*!40101 SET NAMES utf8 */;
/*!50503 SET NAMES utf8mb4 */;
/*!40103 SET @OLD_TIME_ZONE=@@TIME_ZONE */;
/*!40103 SET TIME_ZONE='+00:00' */;
/*!40014 SET @OLD_FOREIGN_KEY_CHECKS=@@FOREIGN_KEY_CHECKS, FOREIGN_KEY_CHECKS=0 */;
/*!40101 SET @OLD_SQL_MODE=@@SQL_MODE, SQL_MODE='NO_AUTO_VALUE_ON_ZERO' */;
/*!40111 SET @OLD_SQL_NOTES=@@SQL_NOTES, SQL_NOTES=0 */;

INSERT INTO `anh` (`id`, `id_san_pham`, `url`, `main`, `ngay_tao`, `ngay_sua`, `nguoi_tao`, `nguoi_sua`, `trang_thai`) VALUES
                                                                                                                           (13, 5, 'https://firebasestorage.googleapis.com/v0/b/datn-lightbe.appspot.com/o/images%2FmkjwNQL6XO.png?alt=media&token=1673ccf6-6d08-40db-8c98-911cc9b72c17', b'0', '2024-02-13 08:14:10', NULL, NULL, NULL, b'1'),
                                                                                                                           (70, 14, 'https://firebasestorage.googleapis.com/v0/b/datn-lightbe.appspot.com/o/images%2FPptZCFoTSE.png?alt=media&token=94116f31-bbf1-4ee0-8ebc-a33a8dc56771', b'0', '2024-02-20 13:08:17', NULL, NULL, NULL, b'1'),
                                                                                                                           (71, 14, 'https://firebasestorage.googleapis.com/v0/b/datn-lightbe.appspot.com/o/images%2FUoPHKvQggy.png?alt=media&token=8bca6337-0d26-4d38-a381-65a7fa1236c3', b'0', '2024-02-20 13:08:17', NULL, NULL, NULL, b'1'),
                                                                                                                           (72, 14, 'https://firebasestorage.googleapis.com/v0/b/datn-lightbe.appspot.com/o/images%2FeQsdwcFTpu.png?alt=media&token=6e93b0b4-95d3-4c0e-9ef5-54bcffa17c74', b'0', '2024-02-20 13:08:41', '2024-02-20 13:08:41', NULL, NULL, b'0'),
                                                                                                                           (74, 14, 'https://firebasestorage.googleapis.com/v0/b/datn-lightbe.appspot.com/o/images%2FuoRjxcZAqN.png?alt=media&token=e1088ae9-a225-42fc-9ec1-08c1eff6733c', b'0', '2024-02-20 13:13:39', NULL, NULL, NULL, b'1'),
                                                                                                                           (75, 14, 'https://firebasestorage.googleapis.com/v0/b/datn-lightbe.appspot.com/o/images%2F3bSwQjOUNH.png?alt=media&token=b88f6577-2ec4-45d5-8b7b-1d20cea024c1', b'0', '2024-02-20 13:14:16', NULL, NULL, NULL, b'1'),
                                                                                                                           (76, 14, 'https://firebasestorage.googleapis.com/v0/b/datn-lightbe.appspot.com/o/images%2FDfrO86JeNS.png?alt=media&token=86a69da1-9eee-4aa0-b79a-f0d058493589', b'0', '2024-02-20 14:36:13', NULL, NULL, NULL, b'1'),
                                                                                                                           (77, 14, 'https://firebasestorage.googleapis.com/v0/b/datn-lightbe.appspot.com/o/images%2Fer1lsZHoDl.png?alt=media&token=5062b6bf-3678-4587-aef4-9fc4151049ea', b'1', '2024-02-20 14:36:34', NULL, NULL, NULL, b'1'),
                                                                                                                           (79, 13, 'https://firebasestorage.googleapis.com/v0/b/datn-lightbe.appspot.com/o/images%2FSCxTg2SfWG.png?alt=media&token=e0015050-4413-48d7-a3e1-f8f63542b467', b'0', '2024-02-20 14:39:34', NULL, NULL, NULL, b'1'),
                                                                                                                           (80, 13, 'https://firebasestorage.googleapis.com/v0/b/datn-lightbe.appspot.com/o/images%2FgwNmmwUjYX.png?alt=media&token=311cbecf-fe16-4fc2-83ae-5be4ce9e6803', b'0', '2024-02-20 14:40:02', '2024-02-20 14:40:02', NULL, NULL, b'0'),
                                                                                                                           (81, 13, 'https://firebasestorage.googleapis.com/v0/b/datn-lightbe.appspot.com/o/images%2F12gw80FUxB.png?alt=media&token=be00e043-f759-40bf-80d9-0b65498a98aa', b'0', '2024-02-20 14:40:02', '2024-02-20 14:40:02', NULL, NULL, b'0'),
                                                                                                                           (82, 13, 'https://firebasestorage.googleapis.com/v0/b/datn-lightbe.appspot.com/o/images%2FUbOYynKXNu.png?alt=media&token=762c6665-bb16-4c4e-99db-131929d53d6f', b'0', '2024-02-20 14:40:15', NULL, NULL, NULL, b'1'),
                                                                                                                           (83, 3, 'https://firebasestorage.googleapis.com/v0/b/datn-lightbe.appspot.com/o/images%2FXGnDvaDmNF.png?alt=media&token=8c18b232-c3ae-45c8-b526-6fd28b2e95bb', b'0', '2024-02-20 14:40:59', '2024-02-20 14:40:59', NULL, NULL, b'0'),
                                                                                                                           (84, 3, 'https://firebasestorage.googleapis.com/v0/b/datn-lightbe.appspot.com/o/images%2FQPrqMMj1d2.png?alt=media&token=3fb5caa8-6116-455f-a6af-68b74c3b75c4', b'0', '2024-02-20 14:40:59', '2024-02-20 14:40:59', NULL, NULL, b'0'),
                                                                                                                           (85, 3, 'https://firebasestorage.googleapis.com/v0/b/datn-lightbe.appspot.com/o/images%2Fvmd850fmIN.png?alt=media&token=9d5043cf-5965-4d01-953a-fbbd288f41ef', b'0', '2024-02-20 14:40:59', '2024-02-20 14:40:59', NULL, NULL, b'0'),
                                                                                                                           (86, 3, 'https://firebasestorage.googleapis.com/v0/b/datn-lightbe.appspot.com/o/images%2FHd0foSHSk9.png?alt=media&token=357e134f-dc3c-4e93-b0be-864448ca1868', b'1', '2024-02-20 14:41:11', NULL, NULL, NULL, b'1'),
                                                                                                                           (87, 9, 'https://firebasestorage.googleapis.com/v0/b/datn-lightbe.appspot.com/o/images%2FDWAPehcmXD.png?alt=media&token=46040ff1-3b07-437b-a0dd-79c247cf4991', b'0', '2024-02-20 14:41:59', '2024-02-20 14:41:59', NULL, NULL, b'0'),
                                                                                                                           (88, 9, 'https://firebasestorage.googleapis.com/v0/b/datn-lightbe.appspot.com/o/images%2Fnl1cp5gwf0.png?alt=media&token=8b5c039d-bb8f-45f6-84cc-80e4a4a15011', b'0', '2024-02-20 14:41:59', '2024-02-20 14:41:59', NULL, NULL, b'0'),
                                                                                                                           (89, 9, 'https://firebasestorage.googleapis.com/v0/b/datn-lightbe.appspot.com/o/images%2FQ48G76fzcR.png?alt=media&token=6cd03336-4967-4cf4-bbc8-4497cbf5d9a6', b'0', '2024-02-20 14:41:59', '2024-02-20 14:41:59', NULL, NULL, b'0'),
                                                                                                                           (90, 9, 'https://firebasestorage.googleapis.com/v0/b/datn-lightbe.appspot.com/o/images%2FJ3gC6buWgX.png?alt=media&token=070a8aea-697e-4e0a-b4fd-b065039ac186', b'1', '2024-02-20 14:42:11', NULL, NULL, NULL, b'1'),
                                                                                                                           (95, 4, 'https://firebasestorage.googleapis.com/v0/b/datn-lightbe.appspot.com/o/images%2FPAX9Ozumj5.png?alt=media&token=a8c1c182-637b-4b63-b0b3-6e9fb4f57a8b', b'0', '2024-02-20 14:45:24', '2024-02-20 14:45:24', NULL, NULL, b'0'),
                                                                                                                           (96, 4, 'https://firebasestorage.googleapis.com/v0/b/datn-lightbe.appspot.com/o/images%2FUziWq8mUQE.png?alt=media&token=87b94299-467f-4fc8-868f-29c6bfad8963', b'0', '2024-02-20 14:45:24', '2024-02-20 14:45:24', NULL, NULL, b'0'),
                                                                                                                           (97, 4, 'https://firebasestorage.googleapis.com/v0/b/datn-lightbe.appspot.com/o/images%2FY1H56rfEJa.png?alt=media&token=fd26842e-ab92-4358-8650-e6b33b55760b', b'0', '2024-02-20 14:45:24', '2024-02-20 14:45:24', NULL, NULL, b'0'),
                                                                                                                           (98, 4, 'https://firebasestorage.googleapis.com/v0/b/datn-lightbe.appspot.com/o/images%2F3gVCCKnBoL.png?alt=media&token=27e45ff7-6948-44d2-9e79-7af40bc586cc', b'1', '2024-02-20 14:45:35', NULL, NULL, NULL, b'1'),
                                                                                                                           (99, 1, 'https://firebasestorage.googleapis.com/v0/b/datn-lightbe.appspot.com/o/images%2FFkExeV1hle.png?alt=media&token=d5182e2c-a9a1-4482-9023-3b88d0303428', b'0', '2024-02-20 14:51:51', '2024-02-20 14:51:51', NULL, NULL, b'0'),
                                                                                                                           (100, 1, 'https://firebasestorage.googleapis.com/v0/b/datn-lightbe.appspot.com/o/images%2FlI8PY7b6j7.png?alt=media&token=33731f77-fbe5-40a3-bc83-c585b1fc6593', b'0', '2024-02-20 14:51:51', '2024-02-20 14:51:51', NULL, NULL, b'0'),
                                                                                                                           (101, 1, 'https://firebasestorage.googleapis.com/v0/b/datn-lightbe.appspot.com/o/images%2FW7QsVpbVlg.png?alt=media&token=44091300-6a0f-4585-8ee0-677e075f1af6', b'1', '2024-02-20 14:51:51', '2024-02-20 14:51:51', NULL, NULL, b'0'),
                                                                                                                           (102, 1, 'https://firebasestorage.googleapis.com/v0/b/datn-lightbe.appspot.com/o/images%2FybMQuJmaL4.png?alt=media&token=524c0207-cf31-45c6-bcf5-06aa7f1f519a', b'0', '2024-02-20 14:52:27', NULL, NULL, NULL, b'1'),
                                                                                                                           (103, 6, 'https://firebasestorage.googleapis.com/v0/b/datn-lightbe.appspot.com/o/images%2Foe1hqapSPp.png?alt=media&token=a0143ff1-1742-4580-aba7-5539c1ae80c3', b'0', '2024-02-20 14:55:44', '2024-02-20 14:55:44', NULL, NULL, b'0'),
                                                                                                                           (104, 6, 'https://firebasestorage.googleapis.com/v0/b/datn-lightbe.appspot.com/o/images%2FURX1USrfdn.png?alt=media&token=bbedc84e-7177-45f3-bd1d-2b743ebc510b', b'0', '2024-02-20 14:55:44', '2024-02-20 14:55:44', NULL, NULL, b'0'),
                                                                                                                           (105, 6, 'https://firebasestorage.googleapis.com/v0/b/datn-lightbe.appspot.com/o/images%2Fq2sztxHSl1.png?alt=media&token=2adc0460-be4f-4693-8d11-039697e9f9ea', b'0', '2024-02-20 14:55:44', '2024-02-20 14:55:44', NULL, NULL, b'0'),
                                                                                                                           (106, 6, 'https://firebasestorage.googleapis.com/v0/b/datn-lightbe.appspot.com/o/images%2FDEf3nqF9JQ.png?alt=media&token=b4d95c27-52da-440d-91aa-6ff7b93b74fa', b'1', '2024-02-20 14:55:56', NULL, NULL, NULL, b'1'),
                                                                                                                           (107, 5, 'https://firebasestorage.googleapis.com/v0/b/datn-lightbe.appspot.com/o/images%2F4HkTKSiXJm.png?alt=media&token=4cd19a0b-443e-4d7a-9272-eed2ffd5b9aa', b'0', '2024-02-20 14:57:00', '2024-02-20 14:57:00', NULL, NULL, b'0'),
                                                                                                                           (111, 16, 'https://firebasestorage.googleapis.com/v0/b/datn-lightbe.appspot.com/o/images%2Fy2hoOV7EZC.png?alt=media&token=2b958da4-c6b9-460a-84bf-9428fc836127', b'1', '2024-02-22 14:33:54', NULL, NULL, NULL, b'1'),
                                                                                                                           (112, 16, 'https://firebasestorage.googleapis.com/v0/b/datn-lightbe.appspot.com/o/images%2Fz2p7qj0OyQ.png?alt=media&token=51096722-64f3-4f61-904f-876f3d321622', b'0', '2024-02-22 14:33:54', NULL, NULL, NULL, b'1'),
                                                                                                                           (113, 16, 'https://firebasestorage.googleapis.com/v0/b/datn-lightbe.appspot.com/o/images%2FzY9XlmGVmQ.png?alt=media&token=856476af-3d27-4826-84d2-48c740f907a4', b'0', '2024-02-22 14:33:54', NULL, NULL, NULL, b'1'),
                                                                                                                           (114, 16, 'https://firebasestorage.googleapis.com/v0/b/datn-lightbe.appspot.com/o/images%2F95CjnghQ9H.png?alt=media&token=e01d0dd5-6ff1-40be-bca5-81d03750de90', b'0', '2024-02-22 14:33:54', NULL, NULL, NULL, b'1'),
                                                                                                                           (115, 17, 'https://firebasestorage.googleapis.com/v0/b/datn-lightbe.appspot.com/o/images%2FRbT7rRv6lx.png?alt=media&token=c234b894-ea74-4f19-945e-78258e221855', b'1', '2024-02-22 14:47:45', NULL, NULL, NULL, b'1'),
                                                                                                                           (116, 17, 'https://firebasestorage.googleapis.com/v0/b/datn-lightbe.appspot.com/o/images%2FzNvythT0Iv.png?alt=media&token=32327150-782c-4573-bcab-0355e9257de4', b'0', '2024-02-22 14:48:11', '2024-02-22 14:48:11', NULL, NULL, b'0'),
                                                                                                                           (117, 17, 'https://firebasestorage.googleapis.com/v0/b/datn-lightbe.appspot.com/o/images%2F1CCmCGFRJK.png?alt=media&token=22b0ddd5-b32c-46df-a8a3-430f42accfcd', b'0', '2024-02-22 14:48:11', '2024-02-22 14:48:11', NULL, NULL, b'0'),
                                                                                                                           (118, 17, 'https://firebasestorage.googleapis.com/v0/b/datn-lightbe.appspot.com/o/images%2FX88f58GybX.png?alt=media&token=ce1f0237-cd15-4ee0-abdb-4fbbfed282ad', b'0', '2024-02-22 14:48:11', '2024-02-22 14:48:11', NULL, NULL, b'0'),
                                                                                                                           (119, 18, 'https://firebasestorage.googleapis.com/v0/b/datn-lightbe.appspot.com/o/images%2FSCMvcgjXL0.png?alt=media&token=807bc2b4-9448-4654-b938-2d1d975f47b6', b'1', '2024-02-22 14:51:38', NULL, NULL, NULL, b'1'),
                                                                                                                           (120, 18, 'https://firebasestorage.googleapis.com/v0/b/datn-lightbe.appspot.com/o/images%2FHk5Vpk3Ohx.png?alt=media&token=881381f7-2a42-4625-b223-67407e60a075', b'0', '2024-02-22 14:51:56', '2024-02-22 14:51:56', NULL, NULL, b'0'),
                                                                                                                           (121, 18, 'https://firebasestorage.googleapis.com/v0/b/datn-lightbe.appspot.com/o/images%2FDW6VzSKk2p.png?alt=media&token=476f5d8c-4381-4a98-9885-992d8d4c5a2f', b'0', '2024-02-22 14:51:56', '2024-02-22 14:51:56', NULL, NULL, b'0'),
                                                                                                                           (122, 18, 'https://firebasestorage.googleapis.com/v0/b/datn-lightbe.appspot.com/o/images%2FTZeDC413qE.png?alt=media&token=3eec4dce-158f-40e0-b025-cc6d1274276e', b'0', '2024-02-22 14:51:56', '2024-02-22 14:51:56', NULL, NULL, b'0'),
                                                                                                                           (123, 19, 'https://firebasestorage.googleapis.com/v0/b/datn-lightbe.appspot.com/o/images%2F4g8yJvvq3x.png?alt=media&token=05d0fd7c-3496-4e4a-a1d0-2abeb5a13b1d', b'1', '2024-02-22 14:54:50', NULL, NULL, NULL, b'1'),
                                                                                                                           (124, 19, 'https://firebasestorage.googleapis.com/v0/b/datn-lightbe.appspot.com/o/images%2FRwr6uTsfW0.png?alt=media&token=4754da9f-22f3-46de-9a86-b1f69d7a469f', b'0', '2024-02-22 14:55:59', '2024-02-22 14:55:59', NULL, NULL, b'0'),
                                                                                                                           (125, 19, 'https://firebasestorage.googleapis.com/v0/b/datn-lightbe.appspot.com/o/images%2FD8qSeIws3Q.png?alt=media&token=c3241a82-1743-4cf5-9094-b5dc676e14c5', b'0', '2024-02-22 14:55:59', '2024-02-22 14:55:59', NULL, NULL, b'0'),
                                                                                                                           (126, 19, 'https://firebasestorage.googleapis.com/v0/b/datn-lightbe.appspot.com/o/images%2FNwgSuLJJ9V.png?alt=media&token=5edb985d-a0db-48a6-9e8c-832709f96695', b'0', '2024-02-22 14:55:59', '2024-02-22 14:55:59', NULL, NULL, b'0'),
                                                                                                                           (127, 13, 'https://firebasestorage.googleapis.com/v0/b/datn-lightbe.appspot.com/o/images%2FTwLcfL9tlB.png?alt=media&token=31847236-aad8-4aaf-8960-396f56798c80', b'1', '2024-02-22 15:00:29', NULL, NULL, NULL, b'1'),
                                                                                                                           (128, 13, 'https://firebasestorage.googleapis.com/v0/b/datn-lightbe.appspot.com/o/images%2FUs6CuBpME7.png?alt=media&token=f34a325c-a0bf-40da-87c5-7e0241e04203', b'0', '2024-02-22 15:00:52', NULL, NULL, NULL, b'1'),
                                                                                                                           (129, 5, 'https://firebasestorage.googleapis.com/v0/b/datn-lightbe.appspot.com/o/images%2FOlrO4h1hyC.png?alt=media&token=dce177d9-8fa1-4a2c-8c26-ddc65ff55a31', b'1', '2024-02-22 15:04:36', '2024-02-22 15:04:36', NULL, NULL, b'0'),
                                                                                                                           (131, 23, 'https://firebasestorage.googleapis.com/v0/b/datn-lightbe.appspot.com/o/images%2F6q5P1xiB0b.png?alt=media&token=eeb28bca-453b-4d81-8cf2-312f263bdf65', b'1', '2024-02-26 11:55:30', NULL, NULL, NULL, b'1'),
                                                                                                                           (132, 23, 'https://firebasestorage.googleapis.com/v0/b/datn-lightbe.appspot.com/o/images%2FuYb8dRPWMb.png?alt=media&token=7933b103-6294-4d1c-b855-f8526f68f2a1', b'0', '2024-02-26 14:08:46', '2024-02-26 14:08:46', NULL, NULL, b'0'),
                                                                                                                           (133, 23, 'https://firebasestorage.googleapis.com/v0/b/datn-lightbe.appspot.com/o/images%2Fh4McbSwaUR.png?alt=media&token=b12c41f8-46aa-41f5-8eb9-62c876c38086', b'0', '2024-02-26 14:08:46', '2024-02-26 14:08:46', NULL, NULL, b'0'),
                                                                                                                           (134, 23, 'https://firebasestorage.googleapis.com/v0/b/datn-lightbe.appspot.com/o/images%2F4AUIVr7m7B.png?alt=media&token=8cb1aabd-d151-4c88-8060-c0faff1b2316', b'0', '2024-02-26 14:08:46', '2024-02-26 14:08:46', NULL, NULL, b'0'),
                                                                                                                           (135, 21, 'https://firebasestorage.googleapis.com/v0/b/datn-lightbe.appspot.com/o/images%2FVdkAqkm3pk.png?alt=media&token=63f60680-fc5b-4798-a1ca-bef17c0ccb6a', b'0', '2024-03-04 12:18:39', NULL, NULL, NULL, b'1'),
                                                                                                                           (136, 21, 'https://firebasestorage.googleapis.com/v0/b/datn-lightbe.appspot.com/o/images%2F86qwWD9elE.png?alt=media&token=c43d5f41-c5ed-4c33-bbfe-4e13b120ef68', b'1', '2024-03-04 12:19:11', '2024-03-04 12:19:11', NULL, NULL, b'0'),
                                                                                                                           (137, 21, 'https://firebasestorage.googleapis.com/v0/b/datn-lightbe.appspot.com/o/images%2FBZ7UIKiP6k.png?alt=media&token=6fbc8cb0-17a3-4d1b-8e37-8bd22b40a2e8', b'0', '2024-03-04 12:19:11', '2024-03-04 12:19:11', NULL, NULL, b'0'),
                                                                                                                           (138, 22, 'https://firebasestorage.googleapis.com/v0/b/datn-lightbe.appspot.com/o/images%2FyTtJGiRUT5.png?alt=media&token=abee023a-f321-4d5a-921d-37a261f403e1', b'1', '2024-03-17 09:36:46', NULL, NULL, NULL, b'1'),
                                                                                                                           (141, 22, 'https://firebasestorage.googleapis.com/v0/b/datn-lightbe.appspot.com/o/images%2FZEj3wq8vm4.png?alt=media&token=b424218f-f7a0-47db-971d-337c13c25c18', b'0', '2024-03-19 14:44:27', '2024-03-19 14:44:27', NULL, NULL, b'0'),
                                                                                                                           (142, 22, 'https://firebasestorage.googleapis.com/v0/b/datn-lightbe.appspot.com/o/images%2FJuOzDJI8rc.png?alt=media&token=f3b6a0e7-e95b-477c-b0d6-2e4b162aaebb', b'0', '2024-03-19 14:44:27', '2024-03-19 14:44:27', NULL, NULL, b'0');

INSERT INTO `chat_lieu` (`id`, `ten`, `ngay_tao`, `ngay_sua`, `nguoi_tao`, `nguoi_sua`, `trang_thai`) VALUES
                                                                                                          (1, 'Vải', '2024-02-05 02:15:55', '2024-02-05 02:15:55', NULL, NULL, b'1'),
                                                                                                          (2, 'Da Công Nghiệp', '2024-02-05 08:15:23', '2024-02-05 08:15:23', NULL, NULL, b'1'),
                                                                                                          (3, 'Da Lộn', '2024-02-14 07:53:49', '2024-03-19 13:17:58', NULL, NULL, b'1'),
                                                                                                          (5, 'Da Bò', '2024-04-14 14:20:16', '2024-04-14 14:20:16', NULL, NULL, b'1'),
                                                                                                          (6, 'Da Hữu Cơ', '2024-04-14 14:42:56', '2024-04-14 14:42:56', NULL, NULL, b'1'),
                                                                                                          (7, 'Vải Công Nghiệp', '2024-04-14 15:07:25', '2024-04-14 15:07:25', NULL, NULL, b'1');

INSERT INTO `chi_tiet_san_pham` (`id`, `id_san_pham`, `id_mau_sac`, `id_de_giay`, `id_kich_co`, `id_chat_lieu`, `id_co_giay`, `id_anh`, `id_mui_giay`, `ma_san_pham`, `gia_nhap`, `gia_goc`, `gia_ban`, `is_sale`, `giam_phan_tram`, `giam_tien`, `so_luong_ton`, `ngay_tao`, `ngay_sua`, `nguoi_tao`, `nguoi_sua`, `trang_thai`) VALUES
                                                                                                                                                                                                                                                                                                                                      (2, 1, 1, 1, 2, 1, 1, 102, 1, 'SP000119', 0.00, 2500000.00, 1299000.00, b'1', 0, NULL, 77, '2024-02-25 14:28:37', NULL, NULL, NULL, b'1'),
                                                                                                                                                                                                                                                                                                                                      (3, 1, 1, 1, 3, 1, 1, 102, 1, 'SP000084', 0.00, 2500000.00, 1999000.00, b'1', 0, NULL, 69, '2024-02-25 14:28:37', NULL, NULL, NULL, b'1'),
                                                                                                                                                                                                                                                                                                                                      (4, 1, 1, 1, 4, 1, 1, 102, 1, 'SP000116', 0.00, 2500000.00, 1999000.00, b'1', 0, NULL, 84, '2024-02-25 14:28:37', NULL, NULL, NULL, b'1'),
                                                                                                                                                                                                                                                                                                                                      (5, 1, 1, 1, 5, 1, 1, 102, 1, 'SP000068', 0.00, 2500000.00, 1999000.00, b'1', 0, NULL, 98, '2024-02-25 14:28:37', NULL, NULL, NULL, b'1'),
                                                                                                                                                                                                                                                                                                                                      (11, 1, 1, 1, 6, 1, 1, 102, 1, 'SP000117', 0.00, 2500000.00, 1999000.00, b'1', 0, NULL, 100, '2024-02-25 14:28:37', NULL, NULL, NULL, b'1'),
                                                                                                                                                                                                                                                                                                                                      (19, 3, 3, 1, 8, 2, 1, 86, 1, 'SP000124', 0.00, 1600000.00, 1499000.00, b'0', 0, NULL, 24, '2024-02-29 15:01:01', NULL, NULL, NULL, b'1'),
                                                                                                                                                                                                                                                                                                                                      (20, 3, 3, 1, 9, 2, 1, 86, 1, 'SP000126', 0.00, 1600000.00, 1499000.00, b'0', 0, NULL, 21, '2024-02-29 15:01:01', NULL, NULL, NULL, b'1'),
                                                                                                                                                                                                                                                                                                                                      (21, 3, 3, 1, 10, 2, 1, 86, 1, 'SP000127', 0.00, 1600000.00, 1499000.00, b'0', 0, NULL, 27, '2024-02-29 15:01:01', NULL, NULL, NULL, b'1'),
                                                                                                                                                                                                                                                                                                                                      (22, 3, 3, 1, 11, 2, 1, 86, 1, 'SP000128', 0.00, 1600000.00, 1499000.00, b'0', 0, NULL, 17, '2024-02-29 15:01:01', NULL, NULL, NULL, b'1'),
                                                                                                                                                                                                                                                                                                                                      (23, 4, 2, 1, 1, 2, 1, 98, 1, 'SP000133', 0.00, 1500000.00, 1399000.00, b'0', 0, NULL, 99, '2024-03-06 08:26:10', NULL, NULL, NULL, b'1'),
                                                                                                                                                                                                                                                                                                                                      (24, 4, 2, 1, 3, 2, 1, 98, 1, 'SP000134', 0.00, 1500000.00, 1299000.00, b'0', 0, NULL, 95, '2024-03-06 08:26:10', NULL, NULL, NULL, b'1'),
                                                                                                                                                                                                                                                                                                                                      (25, 4, 2, 1, 2, 2, 1, 98, 1, 'SP000135', 0.00, 1500000.00, 1399000.00, b'0', 0, NULL, 98, '2024-03-06 08:26:10', NULL, NULL, NULL, b'1'),
                                                                                                                                                                                                                                                                                                                                      (26, 5, 2, 1, 1, 2, 3, 13, 2, 'SP000112', 0.00, 1500000.00, 1399000.00, b'0', 0, NULL, 0, '2024-03-06 08:07:56', NULL, NULL, NULL, b'1'),
                                                                                                                                                                                                                                                                                                                                      (27, 5, 2, 1, 2, 2, 3, 13, 2, 'SP000130', 0.00, 1500000.00, 1399000.00, b'0', 0, NULL, 8, '2024-03-06 08:07:56', NULL, NULL, NULL, b'1'),
                                                                                                                                                                                                                                                                                                                                      (28, 5, 2, 1, 3, 2, 3, 13, 2, 'SP000131', 0.00, 1500000.00, 1399000.00, b'0', 0, NULL, 6, '2024-03-06 08:07:56', NULL, NULL, NULL, b'1'),
                                                                                                                                                                                                                                                                                                                                      (30, 5, 2, 1, 5, 2, 3, 13, 2, 'SP000132', 0.00, 1500000.00, 1399000.00, b'0', 0, NULL, 4, '2024-03-06 08:07:56', NULL, NULL, NULL, b'1'),
                                                                                                                                                                                                                                                                                                                                      (31, 6, 2, 1, 2, 3, 2, 106, 2, 'SP000136', 0.00, 700000.00, 499000.00, b'0', 0, NULL, 97, '2024-03-07 13:23:17', NULL, NULL, NULL, b'1'),
                                                                                                                                                                                                                                                                                                                                      (32, 6, 2, 1, 4, 3, 2, 106, 2, 'SP000137', 0.00, 700000.00, 499000.00, b'0', 0, NULL, 94, '2024-03-07 13:23:17', NULL, NULL, NULL, b'1'),
                                                                                                                                                                                                                                                                                                                                      (33, 6, 2, 1, 3, 3, 2, 106, 2, 'SP000138', 0.00, 700000.00, 499000.00, b'0', 0, NULL, 95, '2024-03-07 13:23:17', NULL, NULL, NULL, b'1'),
                                                                                                                                                                                                                                                                                                                                      (34, 6, 2, 1, 5, 3, 2, 106, 2, 'SP000139', 0.00, 700000.00, 499000.00, b'0', 0, NULL, 99, '2024-03-07 13:23:17', NULL, NULL, NULL, b'1'),
                                                                                                                                                                                                                                                                                                                                      (35, 6, 2, 1, 6, 3, 2, 106, 2, 'SP000140', 0.00, 700000.00, 499000.00, b'0', 0, NULL, 96, '2024-03-07 13:23:17', NULL, NULL, NULL, b'1'),
                                                                                                                                                                                                                                                                                                                                      (46, 9, 2, 1, 12, 2, 1, 90, 1, 'SP000081', 0.00, 4690000.00, 4690000.00, b'0', 0, NULL, 95, '2024-02-20 14:42:11', NULL, NULL, NULL, b'1'),
                                                                                                                                                                                                                                                                                                                                      (49, 9, 2, 1, 13, 2, 1, 90, 1, 'SP000096', 0.00, 4690000.00, 4690000.00, b'0', 0, NULL, 80, '2024-02-20 14:42:11', NULL, NULL, NULL, b'1'),
                                                                                                                                                                                                                                                                                                                                      (50, 9, 2, 1, 11, 2, 1, 90, 1, 'SP000097', 0.00, 4690000.00, 4690000.00, b'0', 0, NULL, 0, '2024-02-20 14:42:11', NULL, NULL, NULL, b'1'),
                                                                                                                                                                                                                                                                                                                                      (63, 14, 1, 1, 4, 2, 1, 70, 1, 'SP000093', 0.00, 1500000.00, 1299000.00, b'0', 0, NULL, 7, '2024-02-20 14:36:34', NULL, NULL, NULL, b'1'),
                                                                                                                                                                                                                                                                                                                                      (64, 14, 1, 1, 5, 2, 1, 70, 1, 'SP000088', 0.00, 1500000.00, 1299000.00, b'0', 0, NULL, 10, '2024-02-20 14:36:34', NULL, NULL, NULL, b'1'),
                                                                                                                                                                                                                                                                                                                                      (65, 14, 1, 1, 7, 2, 1, 70, 1, 'SP000089', 0.00, 1500000.00, 1299000.00, b'0', 0, NULL, 7, '2024-02-20 14:36:34', NULL, NULL, NULL, b'1'),
                                                                                                                                                                                                                                                                                                                                      (66, 14, 3, 1, 4, 2, 1, 75, 1, 'SP000090', 0.00, 1500000.00, 1299000.00, b'0', 0, NULL, 8, '2024-02-20 14:36:34', NULL, NULL, NULL, b'1'),
                                                                                                                                                                                                                                                                                                                                      (67, 14, 3, 1, 5, 2, 1, 75, 1, 'SP000070', 0.00, 1500000.00, 1299000.00, b'0', 0, NULL, 2, '2024-02-20 14:36:34', NULL, NULL, NULL, b'1'),
                                                                                                                                                                                                                                                                                                                                      (68, 14, 3, 1, 7, 2, 1, 75, 1, 'SP000085', 0.00, 1500000.00, 1299000.00, b'0', 0, NULL, 10, '2024-02-20 14:36:34', NULL, NULL, NULL, b'1'),
                                                                                                                                                                                                                                                                                                                                      (69, 14, 6, 1, 4, 2, 1, 77, 1, 'SP000086', 0.00, 1500000.00, 1299000.00, b'0', 0, NULL, 10, '2024-02-20 14:36:34', NULL, NULL, NULL, b'1'),
                                                                                                                                                                                                                                                                                                                                      (70, 14, 6, 1, 5, 2, 1, 77, 1, 'SP000087', 0.00, 1500000.00, 1299000.00, b'0', 0, NULL, 8, '2024-02-20 14:36:34', NULL, NULL, NULL, b'1'),
                                                                                                                                                                                                                                                                                                                                      (71, 14, 6, 1, 7, 2, 1, 77, 1, 'SP000091', 0.00, 1500000.00, 1299000.00, b'0', 0, NULL, 10, '2024-02-20 14:36:34', NULL, NULL, NULL, b'1'),
                                                                                                                                                                                                                                                                                                                                      (72, 13, 6, 1, 9, 2, 1, 127, 1, 'SP000146', 0.00, 1860000.00, 1599000.00, b'0', 0, NULL, 98, '2024-03-16 14:40:24', NULL, NULL, NULL, b'1'),
                                                                                                                                                                                                                                                                                                                                      (73, 13, 6, 1, 10, 2, 1, 127, 1, 'SP000092', 0.00, 1860000.00, 1599000.00, b'0', 0, NULL, 98, '2024-03-16 14:40:24', NULL, NULL, NULL, b'1'),
                                                                                                                                                                                                                                                                                                                                      (74, 13, 6, 1, 11, 2, 1, 127, 1, 'SP000115', 0.00, 1860000.00, 1599000.00, b'0', 0, NULL, 106, '2024-03-16 14:40:24', NULL, NULL, NULL, b'1'),
                                                                                                                                                                                                                                                                                                                                      (75, 13, 7, 1, 9, 2, 1, 128, 1, 'SP000095', 0.00, 1860000.00, 1599000.00, b'0', 0, NULL, 98, '2024-03-16 14:40:24', NULL, NULL, NULL, b'1'),
                                                                                                                                                                                                                                                                                                                                      (76, 13, 7, 1, 10, 2, 1, 128, 1, 'SP000147', 0.00, 1860000.00, 1599000.00, b'0', 0, NULL, 97, '2024-03-16 14:40:24', NULL, NULL, NULL, b'1'),
                                                                                                                                                                                                                                                                                                                                      (77, 13, 7, 1, 11, 2, 1, 128, 1, 'SP000082', 0.00, 1860000.00, 1599000.00, b'0', 0, NULL, 97, '2024-03-16 14:40:24', NULL, NULL, NULL, b'1'),
                                                                                                                                                                                                                                                                                                                                      (78, 16, 1, 1, 10, 2, 1, 111, 1, 'SP000083', 0.00, 1500000.00, 900000.00, b'0', 0, NULL, 11, '2024-03-17 09:31:56', NULL, NULL, NULL, b'1'),
                                                                                                                                                                                                                                                                                                                                      (79, 16, 1, 1, 11, 2, 1, 111, 1, 'SP000148', 0.00, 1500000.00, 700000.00, b'0', 0, NULL, 10, '2024-03-17 09:31:56', NULL, NULL, NULL, b'0'),
                                                                                                                                                                                                                                                                                                                                      (80, 16, 1, 1, 12, 2, 1, 111, 1, 'SP000149', 0.00, 1500000.00, 700000.00, b'0', 0, NULL, 7, '2024-03-17 09:31:57', NULL, NULL, NULL, b'1'),
                                                                                                                                                                                                                                                                                                                                      (81, 16, 1, 1, 13, 2, 1, 111, 1, 'SP000080', 0.00, 1500000.00, 700000.00, b'0', 0, NULL, 10, '2024-03-17 09:31:57', NULL, NULL, NULL, b'1'),
                                                                                                                                                                                                                                                                                                                                      (82, 16, 8, 1, 10, 2, 1, 112, 1, 'SP000094', 0.00, 1500000.00, 700000.00, b'0', 0, NULL, 12, '2024-03-17 09:31:57', NULL, NULL, NULL, b'1'),
                                                                                                                                                                                                                                                                                                                                      (83, 16, 8, 1, 11, 2, 1, 112, 1, 'SP000099', 0.00, 1500000.00, 700000.00, b'0', 0, NULL, 6, '2024-03-17 09:31:57', NULL, NULL, NULL, b'1'),
                                                                                                                                                                                                                                                                                                                                      (84, 16, 8, 1, 12, 2, 1, 112, 1, 'SP000100', 0.00, 1500000.00, 900000.00, b'0', 0, NULL, 93, '2024-03-17 09:31:57', NULL, NULL, NULL, b'1'),
                                                                                                                                                                                                                                                                                                                                      (85, 16, 8, 1, 13, 2, 1, 112, 1, 'SP000101', 0.00, 1500000.00, 700000.00, b'0', 0, NULL, 100, '2024-03-17 09:31:57', NULL, NULL, NULL, b'1'),
                                                                                                                                                                                                                                                                                                                                      (86, 16, 7, 1, 10, 2, 1, 113, 1, 'SP000102', 0.00, 1500000.00, 700000.00, b'0', 0, NULL, 100, '2024-03-17 09:31:57', NULL, NULL, NULL, b'1'),
                                                                                                                                                                                                                                                                                                                                      (87, 16, 7, 1, 11, 2, 1, 113, 1, 'SP000103', 0.00, 1500000.00, 700000.00, b'0', 0, NULL, 95, '2024-03-17 09:31:57', NULL, NULL, NULL, b'1'),
                                                                                                                                                                                                                                                                                                                                      (88, 16, 7, 1, 12, 2, 1, 113, 1, 'SP000150', 0.00, 1500000.00, 700000.00, b'0', 0, NULL, 98, '2024-03-17 09:31:57', NULL, NULL, NULL, b'1'),
                                                                                                                                                                                                                                                                                                                                      (90, 16, 2, 1, 10, 2, 1, 114, 1, 'SP000152', 0.00, 1500000.00, 700000.00, b'0', 0, NULL, 100, '2024-03-17 09:31:57', NULL, NULL, NULL, b'1'),
                                                                                                                                                                                                                                                                                                                                      (91, 16, 2, 1, 11, 2, 1, 114, 1, 'SP000153', 0.00, 1500000.00, 700000.00, b'0', 0, NULL, 99, '2024-03-17 09:31:57', NULL, NULL, NULL, b'1'),
                                                                                                                                                                                                                                                                                                                                      (92, 16, 2, 1, 12, 2, 1, 114, 1, 'SP000154', 0.00, 1500000.00, 700000.00, b'0', 0, NULL, 101, '2024-03-17 09:31:57', NULL, NULL, NULL, b'1'),
                                                                                                                                                                                                                                                                                                                                      (93, 16, 2, 1, 13, 2, 1, 114, 1, 'SP000155', 0.00, 1500000.00, 700000.00, b'0', 0, NULL, 97, '2024-03-17 09:31:57', NULL, NULL, NULL, b'1'),
                                                                                                                                                                                                                                                                                                                                      (94, 17, 2, 2, 4, 3, 2, 115, 2, 'SP000077', 0.00, 3500000.00, 2999000.00, b'0', 0, NULL, 99, '2024-02-22 14:47:45', NULL, NULL, NULL, b'1'),
                                                                                                                                                                                                                                                                                                                                      (95, 17, 2, 2, 5, 3, 2, 115, 2, 'SP000104', 0.00, 3500000.00, 2999000.00, b'0', 0, NULL, 99, '2024-02-22 14:47:45', NULL, NULL, NULL, b'1'),
                                                                                                                                                                                                                                                                                                                                      (96, 17, 2, 2, 6, 3, 2, 115, 2, 'SP000105', 0.00, 3500000.00, 2999000.00, b'0', 0, NULL, 99, '2024-02-22 14:47:45', NULL, NULL, NULL, b'1'),
                                                                                                                                                                                                                                                                                                                                      (97, 17, 2, 2, 7, 3, 2, 115, 2, 'SP000106', 0.00, 3500000.00, 2999000.00, b'0', 0, NULL, 99, '2024-02-22 14:47:45', NULL, NULL, NULL, b'1'),
                                                                                                                                                                                                                                                                                                                                      (98, 18, 2, 1, 4, 2, 1, 119, 1, 'SP000107', 0.00, 5750000.00, 1950000.00, b'0', 0, NULL, 101, '2024-02-22 14:51:38', NULL, NULL, NULL, b'1'),
                                                                                                                                                                                                                                                                                                                                      (99, 18, 2, 1, 5, 2, 1, 119, 1, 'SP000108', 0.00, 5750000.00, 1950000.00, b'0', 0, NULL, 99, '2024-02-22 14:51:38', NULL, NULL, NULL, b'1'),
                                                                                                                                                                                                                                                                                                                                      (100, 18, 2, 1, 6, 2, 1, 119, 1, 'SP000109', 0.00, 5750000.00, 1950000.00, b'0', 0, NULL, 100, '2024-02-22 14:51:38', NULL, NULL, NULL, b'1'),
                                                                                                                                                                                                                                                                                                                                      (101, 19, 2, 1, 8, 2, 2, 123, 1, 'SP000113', 0.00, 2700000.00, 2599000.00, b'0', 0, NULL, 25, '2024-02-25 15:25:42', NULL, NULL, NULL, b'1'),
                                                                                                                                                                                                                                                                                                                                      (102, 19, 2, 1, 9, 2, 2, 123, 1, 'SP000114', 0.00, 2700000.00, 2599000.00, b'0', 0, NULL, 25, '2024-02-25 15:25:42', NULL, NULL, NULL, b'1'),
                                                                                                                                                                                                                                                                                                                                      (103, 19, 2, 1, 10, 2, 2, 123, 1, 'SP000118', 0.00, 2700000.00, 2599000.00, b'0', 0, NULL, 22, '2024-02-25 15:25:42', NULL, NULL, NULL, b'1'),
                                                                                                                                                                                                                                                                                                                                      (104, 19, 2, 1, 11, 2, 2, 123, 1, 'SP000110', 0.00, 2700000.00, 2599000.00, b'0', 0, NULL, 25, '2024-02-25 15:25:42', NULL, NULL, NULL, b'1'),
                                                                                                                                                                                                                                                                                                                                      (105, 19, 2, 1, 12, 2, 2, 123, 1, 'SP000111', 0.00, 2700000.00, 2599000.00, b'0', 0, NULL, 25, '2024-02-25 15:25:42', NULL, NULL, NULL, b'1'),
                                                                                                                                                                                                                                                                                                                                      (106, 21, 1, 1, 2, 2, 1, 135, 1, 'SP000129', 0.00, 2900000.00, 1995000.00, b'0', 0, NULL, 24, '2024-03-04 12:18:39', NULL, NULL, NULL, b'1'),
                                                                                                                                                                                                                                                                                                                                      (107, 23, 6, 1, 2, 2, 1, 131, 1, 'SP000125', 0.00, 6000000.00, 4999000.00, b'1', 0, NULL, 10, '2024-02-26 11:56:01', NULL, NULL, NULL, b'1'),
                                                                                                                                                                                                                                                                                                                                      (108, 23, 6, 1, 3, 2, 1, 131, 1, 'SP000120', 0.00, 6000000.00, 4999000.00, b'1', 0, NULL, 9, '2024-02-26 11:56:01', NULL, NULL, NULL, b'1'),
                                                                                                                                                                                                                                                                                                                                      (109, 23, 6, 1, 4, 2, 1, 131, 1, 'SP000121', 0.00, 6000000.00, 4999000.00, b'1', 0, NULL, 10, '2024-02-26 11:56:01', NULL, NULL, NULL, b'1'),
                                                                                                                                                                                                                                                                                                                                      (110, 23, 6, 1, 5, 2, 1, 131, 1, 'SP000122', 0.00, 6000000.00, 4999000.00, b'1', 0, NULL, 10, '2024-02-26 11:56:01', NULL, NULL, NULL, b'1'),
                                                                                                                                                                                                                                                                                                                                      (111, 23, 6, 1, 6, 2, 1, 131, 1, 'SP000123', 0.00, 6000000.00, 4999000.00, b'1', 0, NULL, 9, '2024-02-26 11:56:01', NULL, NULL, NULL, b'1'),
                                                                                                                                                                                                                                                                                                                                      (112, 6, 2, 1, 1, 3, 2, 106, 2, 'SP000098', 0.00, 700000.00, 499000.00, b'0', 0, NULL, 98, '2024-03-07 13:23:17', NULL, NULL, NULL, b'1'),
                                                                                                                                                                                                                                                                                                                                      (113, 6, 2, 1, 7, 3, 2, 106, 2, 'SP000141', 0.00, 700000.00, 499000.00, b'0', 0, NULL, 98, '2024-03-07 13:23:17', NULL, NULL, NULL, b'1'),
                                                                                                                                                                                                                                                                                                                                      (114, 6, 2, 1, 8, 3, 2, 106, 2, 'SP000142', 0.00, 700000.00, 499000.00, b'0', 0, NULL, 99, '2024-03-07 13:23:17', NULL, NULL, NULL, b'1'),
                                                                                                                                                                                                                                                                                                                                      (115, 6, 2, 1, 9, 3, 2, 106, 2, 'SP000143', 0.00, 700000.00, 499000.00, b'0', 0, NULL, 100, '2024-03-07 13:23:17', NULL, NULL, NULL, b'1'),
                                                                                                                                                                                                                                                                                                                                      (116, 6, 2, 1, 11, 3, 2, 106, 2, 'SP000144', 0.00, 700000.00, 499000.00, b'0', 0, NULL, 105, '2024-03-07 13:23:17', NULL, NULL, NULL, b'1'),
                                                                                                                                                                                                                                                                                                                                      (117, 6, 2, 1, 10, 3, 2, 106, 2, 'SP000145', 0.00, 700000.00, 499000.00, b'0', 0, NULL, 98, '2024-03-07 13:23:17', NULL, NULL, NULL, b'1'),
                                                                                                                                                                                                                                                                                                                                      (118, 22, 4, 2, 3, 2, 3, 138, 1, 'SP000156', 0.00, 2900000.00, 1999000.00, b'0', 0, NULL, 99, '2024-03-17 09:36:46', NULL, NULL, NULL, b'1'),
                                                                                                                                                                                                                                                                                                                                      (119, 22, 4, 2, 4, 2, 3, 138, 1, 'SP000157', 0.00, 2900000.00, 1999000.00, b'0', 0, NULL, 100, '2024-03-17 09:36:46', NULL, NULL, NULL, b'1'),
                                                                                                                                                                                                                                                                                                                                      (120, 22, 4, 2, 1, 2, 3, 138, 1, 'SP000158', 0.00, 2900000.00, 1999000.00, b'0', 0, NULL, 100, '2024-03-17 09:36:46', NULL, NULL, NULL, b'1'),
                                                                                                                                                                                                                                                                                                                                      (121, 22, 4, 2, 2, 2, 3, 138, 1, 'SP000159', 0.00, 2900000.00, 1999000.00, b'0', 0, NULL, 100, '2024-03-17 09:36:46', NULL, NULL, NULL, b'1');

INSERT INTO `chuc_vu` (`id`, `ten`, `ngay_tao`, `ngay_sua`, `nguoi_tao`, `nguoi_sua`, `trang_thai`) VALUES
                                                                                                        (1, 'Nhân Viên', '2024-02-17 02:15:40', '2024-02-19 13:47:07', NULL, NULL, b'1'),
                                                                                                        (2, 'Quản Lý', '2024-04-14 12:18:15', '2024-04-14 12:18:16', NULL, NULL, b'1'),
                                                                                                        (3, 'Giám Đốc', '2024-04-14 12:18:15', '2024-04-14 12:18:17', NULL, NULL, b'1');

INSERT INTO `co_giay` (`id`, `ten`, `ngay_tao`, `ngay_sua`, `nguoi_tao`, `nguoi_sua`, `trang_thai`) VALUES
                                                                                                        (1, 'Cổ Cao', '2024-02-05 02:16:11', '2024-02-21 06:47:17', NULL, NULL, b'1'),
                                                                                                        (2, 'Cổ Thấp', '2024-02-05 08:15:35', '2024-02-21 07:03:02', NULL, NULL, b'1'),
                                                                                                        (3, 'Cổ Vừa', '2024-02-13 08:11:35', '2024-02-21 06:59:52', NULL, NULL, b'1');

INSERT INTO `de_giay` (`id`, `ten`, `ngay_tao`, `ngay_sua`, `nguoi_tao`, `nguoi_sua`, `trang_thai`) VALUES
                                                                                                        (1, 'Cao Su', '2024-02-05 02:16:04', '2024-02-05 02:16:04', NULL, NULL, b'1'),
                                                                                                        (2, 'Đế Da', '2024-02-20 01:45:21', '2024-02-20 01:45:21', NULL, NULL, b'1');

INSERT INTO `dia_chi` (`id`, `id_khach_hang`, `so_nha`, `phuong_xa`, `quan_huyen`, `tinh_thanh_pho`, `ngay_tao`, `ngay_sua`, `nguoi_tao`, `nguoi_sua`, `trang_thai`) VALUES
                                                                                                                                                                         (7, 3, '23 Phố Mới', 'Xã Trịnh Tường', 'Huyện Bát Xát', 'Lào Cai', NULL, NULL, NULL, NULL, NULL),
                                                                                                                                                                         (8, 3, '12 Phùng Hưng', 'Phường Mễ Trì', 'Quận Nam Từ Liêm', 'Hà Nội', NULL, NULL, NULL, NULL, NULL),
                                                                                                                                                                         (9, 6, 'VLXX', 'Xã Trịnh Tường', 'Huyện Bát Xát', 'Lào Cai', NULL, NULL, NULL, NULL, b'1'),
                                                                                                                                                                         (10, 7, 'ABCX', 'Xã Trịnh Tường', 'Huyện Bát Xát', 'Lào Cai', NULL, NULL, NULL, NULL, b'1'),
                                                                                                                                                                         (11, 8, '12', 'Phường Hiệp Thành', 'Quận 12', 'TP HCM', '2024-03-10 09:09:49', NULL, NULL, NULL, NULL),
                                                                                                                                                                         (12, 9, '24 Thượng Đình', 'Xã Tân Quang', 'Huyện Văn Lâm', 'Hưng Yên', '2024-03-10 12:32:22', NULL, NULL, NULL, NULL),
                                                                                                                                                                         (13, 9, '2711', 'Xã Trịnh Tường', 'Huyện Bát Xát', 'Lào Cai', NULL, NULL, NULL, NULL, NULL),
                                                                                                                                                                         (14, 10, '24 Thượng Đình', 'Phường Phú Đức', 'Thị xã Bình Long', 'Bình Phước', '2024-03-11 07:39:22', NULL, NULL, NULL, NULL),
                                                                                                                                                                         (15, 10, '24 Nguyễn Hiển', 'Phường Phú Thủy', 'Thành phố Phan Thiết', 'Bình Thuận', NULL, NULL, NULL, NULL, NULL),
                                                                                                                                                                         (16, 1, 'Tổ 11', 'Thị trấn Bát Xát', 'Huyện Bát Xát', 'Lào Cai', NULL, NULL, NULL, NULL, NULL),
                                                                                                                                                                         (36, 1, '12B', 'Xã Tu Mơ Rông', 'Huyện Tu Mơ Rông', 'Kon Tum', NULL, NULL, NULL, NULL, NULL),
                                                                                                                                                                         (37, 1, ' thị trấn', 'Phường Quan Hoa', 'Quận Cầu Giấy', 'Hà Nội', NULL, NULL, NULL, NULL, NULL),
                                                                                                                                                                         (38, 2, '12B', 'Thị trấn Vũ Quang', 'Huyện Vũ Quang', 'Hà Tĩnh', '2024-04-03 07:16:01', NULL, NULL, NULL, NULL),
                                                                                                                                                                         (39, 3, '24C', 'Phường Lê Lợi', 'Thành phố Quy Nhơn', 'Bình Định', '2024-04-03 07:18:47', NULL, NULL, NULL, NULL),
                                                                                                                                                                         (40, 4, 'Trương qdd d', 'Thị trấn Lạc Tánh', 'Huyện Tánh Linh', 'Bình Thuận', '2024-04-09 09:48:12', NULL, NULL, NULL, NULL),
                                                                                                                                                                         (42, 5, '12', 'Xã Tây Vinh', 'Huyện Tây Sơn', 'Bình Định', NULL, NULL, NULL, NULL, NULL),
                                                                                                                                                                         (45, 5, '12', 'Xã Pi Toong', 'Huyện Mường La', 'Sơn La', NULL, NULL, NULL, NULL, NULL),
                                                                                                                                                                         (46, 5, 'tổ 11 thị trấn Bát Xát', 'Xã Việt Hưng', 'Huyện Văn Lâm', 'Hưng Yên', NULL, NULL, NULL, NULL, NULL),
                                                                                                                                                                         (48, 5, 'tổ 11 thị trấn Bát Xát', 'Xã Trì Quang', 'Huyện Bảo Thắng', 'Lào Cai', NULL, NULL, NULL, NULL, NULL),
                                                                                                                                                                         (49, 5, 'tổ 11 thị trấn Bát Xát', 'Xã Đồng Tân', 'Huyện Mai Châu', 'Hòa Bình', NULL, NULL, NULL, NULL, NULL);


INSERT INTO `gio_hang` (`id`, `id_khach_hang`, `ngay_tao`, `ngay_sua`, `nguoi_tao`, `nguoi_sua`, `trang_thai`) VALUES
                                                                                                                   (1, 1, '2024-03-15 01:28:13', NULL, NULL, NULL, b'0'),
                                                                                                                   (2, NULL, '2024-04-14 11:55:33', NULL, NULL, NULL, b'0'),
                                                                                                                   (3, 5, '2024-04-15 13:38:39', NULL, NULL, NULL, b'0');

INSERT INTO `gio_hang_chi_tiet` (`id`, `id_gio_hang`, `id_chi_tiet_san_pham`, `so_luong`, `ngay_tao`, `ngay_sua`, `trang_thai`) VALUES
                                                                                                                                    (33, 2, 21, 1, NULL, NULL, b'0'),
                                                                                                                                    (34, 1, 20, 2, NULL, NULL, b'0'),
                                                                                                                                    (37, 1, 84, 1, NULL, NULL, b'0'),
                                                                                                                                    (45, 3, 46, 10, NULL, NULL, b'0'),
                                                                                                                                    (46, 3, 24, 4, NULL, NULL, b'0'),
                                                                                                                                    (48, 3, 21, 1, NULL, NULL, b'0');


INSERT INTO `hinh_thuc_thanh_toan` (`id`, `ma_giao_dich`, `id_hoa_don`, `hinh_thuc`, `tien_thanh_toan`, `tien_thua`, `mo_ta`, `ngay_tao`, `ngay_sua`, `nguoi_tao`, `nguoi_sua`, `trang_thai`) VALUES
                                                                                                                                                                                                  (30, 'CASH', 23, 'Tiền Mặt', 3330000.00, 32000.00, 'Tiền Mặt', '2024-04-01 12:53:34', NULL, NULL, NULL, b'1'),
                                                                                                                                                                                                  (31, 'CASH', 24, 'Tiền Mặt', 2000000.00, 1000.00, 'Tiền Mặt', '2024-04-01 13:01:36', NULL, NULL, NULL, b'1'),
                                                                                                                                                                                                  (32, 'COD', 25, 'Khi Nhận Hàng', 4147000.00, 0.00, 'Thanh Toán Khi Nhận Hàng', '2024-04-01 13:06:24', NULL, NULL, NULL, b'0'),
                                                                                                                                                                                                  (33, 'CASH', 26, 'Tiền Mặt', 1400000.00, 1000.00, 'Tiền Mặt', '2024-04-01 13:07:52', NULL, NULL, NULL, b'1'),
                                                                                                                                                                                                  (34, 'COD', 27, 'Khi Nhận Hàng', 2068301.00, 0.00, 'Thanh Toán Khi Nhận Hàng', '2024-04-01 13:15:56', NULL, NULL, NULL, b'0'),
                                                                                                                                                                                                  (35, 'dftgdf65dfg', 28, 'Chuyển Khoản', 1399000.00, 0.00, 'Chuyển Khoản', '2024-04-01 13:22:56', NULL, NULL, NULL, b'1'),
                                                                                                                                                                                                  (36, 'COD', 29, 'Khi Nhận Hàng', 9793000.00, 0.00, 'Thanh Toán Khi Nhận Hàng', '2024-04-01 13:23:16', NULL, NULL, NULL, b'0'),
                                                                                                                                                                                                  (37, 'VNPAY', 30, 'VNPAY', 1328701.00, 0.00, 'Thanh Toán online bằng VNPAY', '2024-04-01 14:07:05', NULL, NULL, NULL, b'0'),
                                                                                                                                                                                                  (38, 'COD', 31, 'Khi Nhận Hàng', 1366101.00, 0.00, 'Thanh Toán Khi Nhận Hàng', '2024-04-01 14:08:10', NULL, NULL, NULL, b'0'),
                                                                                                                                                                                                  (39, 'COD', 32, 'Khi Nhận Hàng', 5596000.00, 0.00, 'Thanh Toán Khi Nhận Hàng', '2024-04-01 14:59:18', NULL, NULL, NULL, b'0'),
                                                                                                                                                                                                  (40, '124526345', 33, 'Chuyển Khoản', 5196000.00, 0.00, 'Chuyển Khoản', '2024-04-01 15:01:22', NULL, NULL, NULL, b'1'),
                                                                                                                                                                                                  (41, 'CASH', 34, 'Tiền Mặt', 4000000.00, 2000.00, 'Tiền Mặt', '2024-04-02 07:08:02', NULL, NULL, NULL, b'1'),
                                                                                                                                                                                                  (42, 'CASH', 35, 'Tiền Mặt', 1500000.00, 42699.00, 'Tiền Mặt', '2024-04-03 09:22:14', NULL, NULL, NULL, b'1'),
                                                                                                                                                                                                  (43, 'CASH', 36, 'Tiền Mặt', 2100000.00, 75699.00, 'Tiền Mặt', '2024-04-03 09:28:45', NULL, NULL, NULL, b'1'),
                                                                                                                                                                                                  (44, 'CASH', 37, 'Tiền Mặt', 2100000.00, 75699.00, 'Tiền Mặt', '2024-04-03 09:31:10', NULL, NULL, NULL, b'1'),
                                                                                                                                                                                                  (45, 'CASH', 38, 'Tiền Mặt', 1500000.00, 175699.00, 'Tiền Mặt', '2024-04-03 09:32:31', NULL, NULL, NULL, b'1'),
                                                                                                                                                                                                  (46, 'CASH', 39, 'Tiền Mặt', 1500000.00, 175699.00, 'Tiền Mặt', '2024-04-03 09:36:57', NULL, NULL, NULL, b'1'),
                                                                                                                                                                                                  (47, '556353dfs', 40, 'Chuyển Khoản', 1299000.00, 0.00, 'Chuyển Khoản', '2024-04-06 07:07:27', NULL, NULL, NULL, b'1'),
                                                                                                                                                                                                  (48, '365465413523', 41, 'Chuyển Khoản', 3298000.00, 0.00, 'Chuyển Khoản', '2024-04-06 08:18:17', NULL, NULL, NULL, b'1'),
                                                                                                                                                                                                  (49, 'CASH', 42, 'Tiền Mặt', 2000000.00, 1000.00, 'Tiền Mặt', '2024-04-06 08:20:05', NULL, NULL, NULL, b'1'),
                                                                                                                                                                                                  (50, 'COD', 43, 'Khi Nhận Hàng', 1978701.00, 0.00, 'Thanh Toán Khi Nhận Hàng', '2024-04-06 08:25:44', NULL, NULL, NULL, b'0'),
                                                                                                                                                                                                  (51, 'CASH', 44, 'Tiền Mặt', 2500000.00, 2000.00, 'Tiền Mặt', '2024-04-06 08:58:34', NULL, NULL, NULL, b'1'),
                                                                                                                                                                                                  (52, 'CASH', 45, 'Tiền Mặt', 1500000.00, 1000.00, 'Tiền Mặt', '2024-04-06 09:11:33', NULL, NULL, NULL, b'1'),
                                                                                                                                                                                                  (53, 'COD', 46, 'Khi Nhận Hàng', 2748000.00, 0.00, 'Thanh Toán Khi Nhận Hàng', '2024-04-06 09:13:36', NULL, NULL, NULL, b'0'),
                                                                                                                                                                                                  (54, 'COD', 47, 'Khi Nhận Hàng', 725300.00, 0.00, 'Thanh Toán Khi Nhận Hàng', '2024-04-06 09:14:01', NULL, NULL, NULL, b'0'),
                                                                                                                                                                                                  (55, 'CASH', 48, 'Tiền Mặt', 500000.00, 1000.00, 'Tiền Mặt', '2024-04-06 12:38:04', NULL, NULL, NULL, b'1'),
                                                                                                                                                                                                  (56, '365465413523', 49, 'Chuyển Khoản', 9192000.00, 0.00, 'Chuyển Khoản', '2024-04-06 13:40:34', NULL, NULL, NULL, b'1'),
                                                                                                                                                                                                  (57, 'CASH', 49, 'Tiền Mặt', 2000000.00, 0.00, 'Tiền Mặt', '2024-04-06 13:40:34', NULL, NULL, NULL, b'1'),
                                                                                                                                                                                                  (58, 'dftgdf6584fg', 50, 'Chuyển Khoản', 12983000.00, 0.00, 'Chuyển Khoản', '2024-04-06 14:40:06', NULL, NULL, NULL, b'1'),
                                                                                                                                                                                                  (59, '3654654135', 51, 'Chuyển Khoản', 13760000.00, 0.00, 'Chuyển Khoản', '2024-04-06 14:42:53', NULL, NULL, NULL, b'1'),
                                                                                                                                                                                                  (60, 'CASH', 52, 'Tiền Mặt', 1500000.00, 1000.00, 'Tiền Mặt', '2024-04-07 06:08:24', NULL, NULL, NULL, b'1'),
                                                                                                                                                                                                  (61, 'CASH', 53, 'Tiền Mặt', 9000000.00, 506000.00, 'Tiền Mặt', '2024-04-07 06:09:24', NULL, NULL, NULL, b'1'),
                                                                                                                                                                                                  (62, 'CASH', 54, 'Tiền Mặt', 1000000.00, 2000.00, 'Tiền Mặt', '2024-04-07 08:12:58', NULL, NULL, NULL, b'1'),
                                                                                                                                                                                                  (63, 'xcfbv dzfg', 55, 'Chuyển Khoản', 4695000.00, 0.00, 'Chuyển Khoản', '2024-04-07 13:21:42', NULL, NULL, NULL, b'1'),
                                                                                                                                                                                                  (64, 'CASH', 56, 'Tiền Mặt', 6000000.00, 301000.00, 'Tiền Mặt', '2024-04-07 13:58:30', NULL, NULL, NULL, b'1'),
                                                                                                                                                                                                  (65, 'CASH', 57, 'Tiền Mặt', 2200000.00, 1000.00, 'Tiền Mặt', '2024-04-07 13:59:50', NULL, NULL, NULL, b'1'),
                                                                                                                                                                                                  (66, 'COD', 58, 'Khi Nhận Hàng', 0.00, 0.00, 'Thanh Toán Khi Nhận Hàng', '2024-04-08 02:15:18', NULL, NULL, NULL, b'1'),
                                                                                                                                                                                                  (67, 'CASH', 59, 'Tiền Mặt', 6662000.00, 466000.00, 'Tiền Mặt', '2024-04-08 08:38:37', NULL, NULL, NULL, b'1'),
                                                                                                                                                                                                  (68, 'CASH', 60, 'Tiền Mặt', 12000000.00, 316000.00, 'Tiền Mặt', '2024-04-08 10:12:21', NULL, NULL, NULL, b'1'),
                                                                                                                                                                                                  (69, 'COD', 61, 'Khi Nhận Hàng', 1328701.00, 0.00, 'Thanh Toán Khi Nhận Hàng', '2024-04-08 10:13:34', NULL, NULL, NULL, b'0'),
                                                                                                                                                                                                  (70, 'COD', 62, 'Khi Nhận Hàng', 2068301.00, 0.00, 'Thanh Toán Khi Nhận Hàng', '2024-04-08 12:35:53', NULL, NULL, NULL, b'0'),
                                                                                                                                                                                                  (71, 'CASH', 63, 'Tiền Mặt', 1500000.00, 1000.00, 'Tiền Mặt', '2024-04-08 13:27:27', NULL, NULL, NULL, b'1'),
                                                                                                                                                                                                  (72, 'COD', 64, 'Khi Nhận Hàng', 3897000.00, 0.00, 'Thanh Toán Khi Nhận Hàng', '2024-04-08 14:01:57', NULL, NULL, NULL, b'0'),
                                                                                                                                                                                                  (73, 'CASH', 65, 'Tiền Mặt', 1000000.00, 2000.00, 'Tiền Mặt', '2024-04-09 01:53:25', NULL, NULL, NULL, b'1'),
                                                                                                                                                                                                  (74, 'CASH', 66, 'Tiền Mặt', 5000000.00, 310000.00, 'Tiền Mặt', '2024-04-09 01:54:04', NULL, NULL, NULL, b'1'),
                                                                                                                                                                                                  (75, 'CASH', 67, 'Tiền Mặt', 3000000.00, 202000.00, 'Tiền Mặt', '2024-04-09 02:06:55', NULL, NULL, NULL, b'1'),
                                                                                                                                                                                                  (76, 'COD', 68, 'Khi Nhận Hàng', 4690000.00, 0.00, 'Thanh Toán Khi Nhận Hàng', '2024-04-09 02:08:40', NULL, NULL, NULL, b'0'),
                                                                                                                                                                                                  (77, 'CASH', 69, 'Tiền Mặt', 1500000.00, 1000.00, 'Tiền Mặt', '2024-04-09 02:16:27', NULL, NULL, NULL, b'1'),
                                                                                                                                                                                                  (78, 'COD', 70, 'Khi Nhận Hàng', 527601.00, 0.00, 'Thanh Toán Khi Nhận Hàng', '2024-04-09 02:18:01', NULL, NULL, NULL, b'0'),
                                                                                                                                                                                                  (79, 'COD', 71, 'Khi Nhận Hàng', 729701.00, 0.00, 'Thanh Toán Khi Nhận Hàng', '2024-04-09 02:20:43', NULL, NULL, NULL, b'0'),
                                                                                                                                                                                                  (80, 'CASH', 72, 'Tiền Mặt', 5000000.00, 553000.00, 'Tiền Mặt', '2024-04-09 08:58:35', NULL, NULL, NULL, b'1'),
                                                                                                                                                                                                  (81, 'CASH', 73, 'Tiền Mặt', 2000000.00, 1000.00, 'Tiền Mặt', '2024-04-09 09:28:10', NULL, NULL, NULL, b'1'),
                                                                                                                                                                                                  (82, 'CASH', 74, 'Tiền Mặt', 1500000.00, 1000.00, 'Tiền Mặt', '2024-04-09 09:30:43', NULL, NULL, NULL, b'1'),
                                                                                                                                                                                                  (83, '', 75, 'Chuyển Khoản', 999000.00, 0.00, 'Chuyển Khoản', '2024-04-09 09:39:15', NULL, NULL, NULL, b'1'),
                                                                                                                                                                                                  (84, 'CASH', 75, 'Tiền Mặt', 1000000.00, 0.00, 'Tiền Mặt', '2024-04-09 09:39:15', NULL, NULL, NULL, b'1'),
                                                                                                                                                                                                  (85, 'CASH', 76, 'Tiền Mặt', 2000000.00, 1000.00, 'Tiền Mặt', '2024-04-09 12:27:22', NULL, NULL, NULL, b'1'),
                                                                                                                                                                                                  (86, 'CASH', 77, 'Tiền Mặt', 2000000.00, 1000.00, 'Tiền Mặt', '2024-04-10 06:38:26', NULL, NULL, NULL, b'1'),
                                                                                                                                                                                                  (87, 'CASH', 78, 'Tiền Mặt', 1500000.00, 151000.00, 'Tiền Mặt', '2024-04-10 08:42:15', NULL, NULL, NULL, b'1'),
                                                                                                                                                                                                  (88, 'CASH', 79, 'Tiền Mặt', 2000000.00, 151000.00, 'Tiền Mặt', '2024-04-10 08:42:58', NULL, NULL, NULL, b'1'),
                                                                                                                                                                                                  (89, 'CASH', 80, 'Tiền Mặt', 1500000.00, 1000.00, 'Tiền Mặt', '2024-04-10 09:19:49', NULL, NULL, NULL, b'1'),
                                                                                                                                                                                                  (90, 'CASH', 81, 'Tiền Mặt', 5000000.00, 353000.00, 'Tiền Mặt', '2024-04-12 01:09:12', NULL, NULL, NULL, b'1'),
                                                                                                                                                                                                  (91, 'COD', 82, 'Khi Nhận Hàng', 629701.00, 0.00, 'Thanh Toán Khi Nhận Hàng', '2024-04-12 01:38:38', NULL, NULL, NULL, b'0'),
                                                                                                                                                                                                  (92, 'COD', 83, 'Khi Nhận Hàng', 8880000.00, 0.00, 'Thanh Toán Khi Nhận Hàng', '2024-04-12 01:58:40', NULL, NULL, NULL, b'0'),
                                                                                                                                                                                                  (93, 'COD', 84, 'Khi Nhận Hàng', 8880000.00, 0.00, 'Thanh Toán Khi Nhận Hàng', '2024-04-12 02:07:15', NULL, NULL, NULL, b'0'),
                                                                                                                                                                                                  (94, 'COD', 85, 'Khi Nhận Hàng', 428701.00, 0.00, 'Thanh Toán Khi Nhận Hàng', '2024-04-12 02:12:35', NULL, NULL, NULL, b'0'),
                                                                                                                                                                                                  (95, 'COD', 86, 'Khi Nhận Hàng', 9230000.00, 0.00, 'Thanh Toán Khi Nhận Hàng', '2024-04-12 02:28:57', NULL, NULL, NULL, b'0'),
                                                                                                                                                                                                  (96, 'COD', 87, 'Khi Nhận Hàng', 769301.00, 0.00, 'Thanh Toán Khi Nhận Hàng', '2024-04-12 02:31:23', NULL, NULL, NULL, b'0'),
                                                                                                                                                                                                  (97, 'CASH', 88, 'Tiền Mặt', 1500000.00, 1000.00, 'Tiền Mặt', '2024-04-12 02:40:06', NULL, NULL, NULL, b'1'),
                                                                                                                                                                                                  (98, 'CASH', 89, 'Tiền Mặt', 1300000.00, 1000.00, 'Tiền Mặt', '2024-04-12 02:54:57', NULL, NULL, NULL, b'1'),
                                                                                                                                                                                                  (99, 'COD', 90, 'Khi Nhận Hàng', 4849000.00, 0.00, 'Thanh Toán Khi Nhận Hàng', '2024-04-12 08:19:38', NULL, NULL, NULL, b'0'),
                                                                                                                                                                                                  (100, 'COD', 91, 'Khi Nhận Hàng', 2028701.00, 0.00, 'Thanh Toán Khi Nhận Hàng', '2024-04-12 08:20:18', NULL, NULL, NULL, b'0'),
                                                                                                                                                                                                  (101, 'CASH', 92, 'Tiền Mặt', 2000000.00, 151000.00, 'Tiền Mặt', '2024-04-12 08:33:47', NULL, NULL, NULL, b'1'),
                                                                                                                                                                                                  (102, 'CASH', 93, 'Tiền Mặt', 2000000.00, 151000.00, 'Tiền Mặt', '2024-04-12 13:35:00', NULL, NULL, NULL, b'1'),
                                                                                                                                                                                                  (103, 'CASH', 94, 'Tiền Mặt', 1300000.00, 51000.00, 'Tiền Mặt', '2024-04-12 14:39:20', NULL, NULL, NULL, b'1'),
                                                                                                                                                                                                  (104, 'COD', 96, 'Khi Nhận Hàng', 0.00, 0.00, 'Thanh Toán Khi Nhận Hàng', '2024-04-14 14:02:56', NULL, NULL, NULL, b'1'),
                                                                                                                                                                                                  (105, 'VNPAY', 97, 'VNPAY', 1499000.00, 0.00, 'Thanh Toán online bằng VNPAY', '2024-04-14 14:07:25', NULL, NULL, NULL, b'0'),
                                                                                                                                                                                                  (106, 'COD', 98, 'Khi Nhận Hàng', 0.00, 0.00, 'Thanh Toán Khi Nhận Hàng', '2024-04-14 14:26:39', NULL, NULL, NULL, b'1'),
                                                                                                                                                                                                  (107, 'VNPAY', 99, 'VNPAY', 1499000.00, 0.00, 'Thanh Toán online bằng VNPAY', '2024-04-14 14:28:52', NULL, NULL, NULL, b'0'),
                                                                                                                                                                                                  (108, 'COD', 100, 'Khi Nhận Hàng', 4190000.00, 0.00, 'Thanh Toán Khi Nhận Hàng', '2024-04-14 14:31:07', NULL, NULL, NULL, b'0'),
                                                                                                                                                                                                  (109, 'VNPAY', 101, 'VNPAY', 1499000.00, 0.00, 'Thanh Toán online bằng VNPAY', '2024-04-14 14:33:09', NULL, NULL, NULL, b'0'),
                                                                                                                                                                                                  (110, 'COD', 102, 'Khi Nhận Hàng', 0.00, 0.00, 'Thanh Toán Khi Nhận Hàng', '2024-04-14 14:49:40', NULL, NULL, NULL, b'1'),
                                                                                                                                                                                                  (111, 'VNPAY', 103, 'VNPAY', 4690000.00, 0.00, 'Thanh Toán online bằng VNPAY', '2024-04-14 14:51:23', NULL, NULL, NULL, b'0'),
                                                                                                                                                                                                  (112, 'COD', 104, 'Khi Nhận Hàng', 0.00, 0.00, 'Thanh Toán Khi Nhận Hàng', '2024-04-14 15:14:29', NULL, NULL, NULL, b'1'),
                                                                                                                                                                                                  (113, 'COD', 105, 'Khi Nhận Hàng', 4799000.00, 0.00, 'Thanh Toán Khi Nhận Hàng', '2024-04-14 15:23:34', NULL, NULL, NULL, b'0'),
                                                                                                                                                                                                  (114, 'VNPAY', 106, 'VNPAY', 4690000.00, 0.00, 'Thanh Toán online bằng VNPAY', '2024-04-14 15:26:02', NULL, NULL, NULL, b'0'),
                                                                                                                                                                                                  (115, 'COD', 107, 'Khi Nhận Hàng', 0.00, 0.00, 'Thanh Toán Khi Nhận Hàng', '2024-04-14 16:05:22', NULL, NULL, NULL, b'1'),
                                                                                                                                                                                                  (116, 'VNPAY', 108, 'VNPAY', 2650000.00, 0.00, 'Thanh Toán online bằng VNPAY', '2024-04-14 16:08:30', NULL, NULL, NULL, b'0'),
                                                                                                                                                                                                  (117, 'COD', 109, 'Khi Nhận Hàng', 4190000.00, 0.00, 'Thanh Toán Khi Nhận Hàng', '2024-04-14 16:10:13', NULL, NULL, NULL, b'0'),
                                                                                                                                                                                                  (118, 'CASH', 110, 'Tiền Mặt', 1200000.00, 1000.00, 'Tiền Mặt', '2024-04-15 14:29:54', NULL, NULL, NULL, b'1'),
                                                                                                                                                                                                  (119, 'CASH', 111, 'Tiền Mặt', 2000000.00, 44899.00, 'Tiền Mặt', '2024-04-15 14:30:04', NULL, NULL, NULL, b'1'),
                                                                                                                                                                                                  (120, 'COD', 112, 'Khi Nhận Hàng', 0.00, 0.00, 'Thanh Toán Khi Nhận Hàng', '2024-04-15 15:46:24', NULL, NULL, NULL, b'1'),
                                                                                                                                                                                                  (121, 'CASH', 113, 'Tiền Mặt', 1000000.00, 101000.00, 'Tiền Mặt', '2024-04-15 15:46:47', NULL, NULL, NULL, b'1'),
                                                                                                                                                                                                  (122, 'COD', 114, 'Khi Nhận Hàng', 2098000.00, 0.00, 'Thanh Toán Khi Nhận Hàng', '2024-04-15 15:52:20', NULL, NULL, NULL, b'0'),
                                                                                                                                                                                                  (123, 'COD', 115, 'Khi Nhận Hàng', 2098000.00, 0.00, 'Thanh Toán Khi Nhận Hàng', '2024-04-15 16:01:03', NULL, NULL, NULL, b'0'),
                                                                                                                                                                                                  (124, 'CASH', 116, 'Tiền Mặt', 1600000.00, 75699.00, 'Tiền Mặt', '2024-04-18 07:01:37', NULL, NULL, NULL, b'1'),
                                                                                                                                                                                                  (125, 'CASH', 117, 'Tiền Mặt', 800000.00, 1000.00, 'Tiền Mặt', '2024-04-18 07:04:38', NULL, NULL, NULL, b'1'),
                                                                                                                                                                                                  (126, 'CASH', 118, 'Tiền Mặt', 1500000.00, 1000.00, 'Tiền Mặt', '2024-04-18 07:06:44', NULL, NULL, NULL, b'1'),
                                                                                                                                                                                                  (127, 'CASH', 119, 'Tiền Mặt', 1500000.00, 1000.00, 'Tiền Mặt', '2024-04-18 07:08:09', NULL, NULL, NULL, b'1'),
                                                                                                                                                                                                  (128, 'CASH', 120, 'Tiền Mặt', 1500000.00, 1000.00, 'Tiền Mặt', '2024-04-18 07:11:10', NULL, NULL, NULL, b'1'),
                                                                                                                                                                                                  (129, 'CASH', 121, 'Tiền Mặt', 2000000.00, 102000.00, 'Tiền Mặt', '2024-04-18 07:19:57', NULL, NULL, NULL, b'1'),
                                                                                                                                                                                                  (130, '3654654135', 122, 'Chuyển Khoản', 3189000.00, 0.00, 'Chuyển Khoản', '2024-04-18 07:20:23', NULL, NULL, NULL, b'1'),
                                                                                                                                                                                                  (131, 'CASH', 122, 'Tiền Mặt', 2000000.00, 0.00, 'Tiền Mặt', '2024-04-18 07:20:23', NULL, NULL, NULL, b'1'),
                                                                                                                                                                                                  (132, 'CASH', 123, 'Tiền Mặt', 3300000.00, 2000.00, 'Tiền Mặt', '2024-04-18 07:29:45', NULL, NULL, NULL, b'1'),
                                                                                                                                                                                                  (134, 'COD', 125, 'Khi Nhận Hàng', 458402.00, 0.00, 'Thanh Toán Khi Nhận Hàng', '2024-04-18 11:55:14', NULL, NULL, NULL, b'0'),
                                                                                                                                                                                                  (135, 'COD', 126, 'Khi Nhận Hàng', 858402.00, 0.00, 'Thanh Toán Khi Nhận Hàng', '2024-04-18 11:57:30', NULL, NULL, NULL, b'0');

INSERT INTO `hoa_don` (`id`, `ma_hoa_don`, `ten_nguoi_nhan`, `ma_van_chuyen`, `email_nguoi_nhan`, `so_tien_can_thanh_toan`, `so_tien_da_thanh_toan`, `loai_hoa_don`, `id_nhan_vien`, `id_khach_hang`, `id_voucher`, `id_don_vi_van_chuyen`, `tong_tien`, `giam_gia`, `thuc_thu`, `phi_ship`, `ngay_xac_nhan`, `ngay_ship`, `ngay_nhan`, `sdt_nhan`, `dia_chi_nhan`, `ngay_tao`, `ngay_sua`, `nguoi_tao`, `nguoi_sua`, `trang_thai`, `hinh_thuc_thanh_toan`) VALUES
                                                                                                                                                                                                                                                                                                                                                                                                                                                                (23, 'HD00001', 'Khách Lẻ', NULL, NULL, 0.00, 3298000.00, b'1', NULL, NULL, NULL, NULL, 3298000.00, 0.00, 3298000.00, 0.00, NULL, NULL, NULL, NULL, 'Tại Quầy', '2024-04-01 12:53:34', NULL, NULL, NULL, 'Thành Công', NULL),
                                                                                                                                                                                                                                                                                                                                                                                                                                                                (24, 'HD00002', 'Khách Lẻ', NULL, NULL, 0.00, 1999000.00, b'1', NULL, NULL, NULL, NULL, 1999000.00, 0.00, 1999000.00, 0.00, NULL, NULL, NULL, NULL, 'Tại Quầy', '2024-04-01 13:01:36', NULL, NULL, NULL, 'Thành Công', NULL),
                                                                                                                                                                                                                                                                                                                                                                                                                                                                (25, 'HD00003', 'Tan Lao Lu', 'DPPI2IPY', 'lutan2212+Text@gmail.com', 4147000.00, NULL, b'0', NULL, NULL, 8, NULL, 4197000.00, 50000.00, 4147000.00, 0.00, NULL, NULL, NULL, '0866755653', 'tổ 11 ,Xã Thanh Bình,Huyện Mường Khương,Lào Cai', '2024-04-01 13:06:24', NULL, NULL, NULL, 'Chờ Xác Nhận', NULL),
                                                                                                                                                                                                                                                                                                                                                                                                                                                                (26, 'HD00004', 'Khách Lẻ', NULL, NULL, 0.00, 1399000.00, b'1', NULL, NULL, NULL, NULL, 1399000.00, 0.00, 1399000.00, 0.00, NULL, NULL, NULL, NULL, 'Tại Quầy', '2024-04-01 13:07:52', NULL, NULL, NULL, 'Thành Công', NULL),
                                                                                                                                                                                                                                                                                                                                                                                                                                                                (27, 'HD00005', 'Tan Lao Lu', 'LFCFXT', 'lutan2212+Textds@gmail.com', 2068301.00, NULL, b'0', NULL, NULL, NULL, NULL, 1999000.00, 0.00, 2068301.00, 69301.00, NULL, NULL, NULL, '0866755124', 'tổ 11 ,Xã Hòa Xuân Tây,Thị xã Đông Hòa,Phú Yên', '2024-04-01 13:15:56', NULL, NULL, NULL, 'Chờ Xác Nhận', NULL),
                                                                                                                                                                                                                                                                                                                                                                                                                                                                (28, 'HD00006', 'Khách Lẻ', NULL, NULL, 0.00, 1399000.00, b'1', NULL, NULL, NULL, NULL, 1399000.00, 0.00, 1399000.00, 0.00, NULL, NULL, NULL, NULL, 'Tại Quầy', '2024-04-01 13:22:56', NULL, NULL, NULL, 'Thành Công', NULL),
                                                                                                                                                                                                                                                                                                                                                                                                                                                                (29, 'HD00007', 'Tan Lao Lu', 'VL99JTZ0', 'lutan2212@gmail.com', 9793000.00, NULL, b'0', NULL, NULL, NULL, NULL, 9793000.00, 0.00, 9793000.00, 0.00, NULL, NULL, NULL, '0866755653', 'tổ 11,Phường Nghĩa Thành,Thành phố Gia Nghĩa,Đắk Nông', '2024-04-01 13:23:16', NULL, NULL, NULL, 'Chờ Xác Nhận', NULL),
                                                                                                                                                                                                                                                                                                                                                                                                                                                                (30, 'HD00008', 'Đặng Anh Tuấn', 'LFCFXY', 'lutan2212+Texst@gmail.com', NULL, 1328701.00, b'0', NULL, NULL, NULL, NULL, 1299000.00, 0.00, 1328701.00, 29701.00, NULL, NULL, NULL, '0866755653', 'tổ 11 ,Xã Thanh Bình,Huyện Mường Khương,Lào Cai', '2024-04-01 14:07:05', NULL, NULL, NULL, 'Chờ Xác Nhận', NULL),
                                                                                                                                                                                                                                                                                                                                                                                                                                                                (31, 'HD00009', 'Tan Lao Lu', 'LFCFXR', 'lutan2212+Textds@gmail.com', 1366101.00, NULL, b'0', NULL, NULL, NULL, NULL, 1299000.00, 0.00, 1366101.00, 67101.00, NULL, NULL, NULL, '0866755653', 'tổ 11 thị trấn Bát Xát,Phường Phú Thạnh,Thành phố Tuy Hòa,Phú Yên', '2024-04-01 14:08:10', NULL, NULL, NULL, 'Chờ Xác Nhận', NULL),
                                                                                                                                                                                                                                                                                                                                                                                                                                                                (32, 'HD00010', 'Tan Lao Lu', 'GYZCSS5P', 'lutan2212+Textds@gmail.com', 5596000.00, NULL, b'0', NULL, NULL, NULL, NULL, 5596000.00, 0.00, 5596000.00, 0.00, NULL, NULL, NULL, '0866755653', 'tổ 11,Xã Đồng Tân,Huyện Mai Châu,Hòa Bình', '2024-04-01 14:59:18', NULL, NULL, NULL, 'Chờ Xác Nhận', NULL),
                                                                                                                                                                                                                                                                                                                                                                                                                                                                (33, 'HD00011', 'Khách Lẻ', NULL, NULL, 0.00, 5196000.00, b'1', NULL, NULL, NULL, NULL, 5196000.00, 0.00, 5196000.00, 0.00, NULL, NULL, NULL, NULL, 'Tại Quầy', '2024-04-01 15:01:22', NULL, NULL, NULL, 'Thành Công', NULL),
                                                                                                                                                                                                                                                                                                                                                                                                                                                                (34, 'HD00012', 'Khách Lẻ', NULL, NULL, 0.00, 3998000.00, b'1', NULL, NULL, NULL, NULL, 3998000.00, 0.00, 3998000.00, 0.00, NULL, NULL, NULL, NULL, 'Tại Quầy', '2024-04-02 07:08:02', NULL, NULL, NULL, 'Thành Công', NULL),
                                                                                                                                                                                                                                                                                                                                                                                                                                                                (35, 'HD00013', 'Tẩn Láo Lù', NULL, 'lutan2212@gmail.com', 0.00, 1457301.00, b'1', NULL, NULL, NULL, NULL, 1399000.00, 0.00, 1457301.00, 58301.00, NULL, NULL, NULL, '0866755653', 'ABC, Xã Bình Thạnh, Huyện Tuy Phong, Bình Thuận', '2024-04-03 09:22:14', NULL, NULL, NULL, 'Chuẩn Bị Hàng', NULL),
                                                                                                                                                                                                                                                                                                                                                                                                                                                                (36, 'HD00014', 'Tẩn Láo Lù', NULL, 'lutan2212@gmail.com', 0.00, 2024301.00, b'1', NULL, 1, NULL, NULL, 1999000.00, 0.00, 2024301.00, 25301.00, NULL, NULL, NULL, '0866755653', 'dsvdv, Thị trấn Văn Giang, Huyện Văn Giang, Hưng Yên', '2024-04-03 09:28:45', NULL, NULL, NULL, 'Chuẩn Bị Hàng', NULL),
                                                                                                                                                                                                                                                                                                                                                                                                                                                                (37, 'HD00015', 'Đẹp Trai Siêu Cấp Vip Pro', 'LFCCWF', 'traidep@gmail.com', 0.00, 2024301.00, b'1', NULL, NULL, NULL, NULL, 1999000.00, 0.00, 2024301.00, 25301.00, NULL, NULL, NULL, '0123456789', '124B, Xã Cẩm Vân, Huyện Cẩm Thủy, Thanh Hóa', '2024-04-03 09:31:10', NULL, NULL, NULL, 'Chuẩn Bị Hàng', NULL),
                                                                                                                                                                                                                                                                                                                                                                                                                                                                (38, 'HD00016', 'Đặng  Anh Tuấn', 'LFCCWG', 'anhtuanlc.12@gmail.com', 0.00, 1324301.00, b'1', NULL, 2, NULL, NULL, 1299000.00, 0.00, 1324301.00, 25301.00, NULL, NULL, NULL, '0369000658', ', Xã Thắng Lợi, Huyện Văn Giang, Hưng Yên', '2024-04-03 09:32:31', NULL, NULL, NULL, 'Chuẩn Bị Hàng', NULL),
                                                                                                                                                                                                                                                                                                                                                                                                                                                                (39, 'HD00017', 'Trương Thiên Tân 1', 'LFCCWP', 'thientan9912lc@gmail.com', 0.00, 1324301.00, b'1', NULL, 3, NULL, NULL, 1299000.00, 0.00, 1324301.00, 25301.00, NULL, NULL, NULL, '0954212454', '124B, Xã Yên Lạc, Huyện Yên Thủy, Hòa Bình', '2024-04-03 09:36:57', NULL, NULL, NULL, 'Chuẩn Bị Hàng', NULL),
                                                                                                                                                                                                                                                                                                                                                                                                                                                                (40, 'HD00018', 'Khách Lẻ', NULL, NULL, 0.00, 1299000.00, b'1', NULL, NULL, NULL, NULL, 1299000.00, 0.00, 1299000.00, 0.00, NULL, NULL, NULL, NULL, 'Tại Quầy', '2024-04-06 07:07:26', NULL, NULL, NULL, 'Thành Công', NULL),
                                                                                                                                                                                                                                                                                                                                                                                                                                                                (41, 'HD00019', 'Khách Lẻ', NULL, NULL, 0.00, 3298000.00, b'1', NULL, NULL, NULL, NULL, 3298000.00, 0.00, 3298000.00, 0.00, NULL, NULL, NULL, NULL, 'Tại Quầy', '2024-04-06 08:18:17', NULL, NULL, NULL, 'Thành Công', NULL),
                                                                                                                                                                                                                                                                                                                                                                                                                                                                (42, 'HD00020', 'Khách Lẻ', NULL, NULL, 0.00, 1999000.00, b'1', NULL, NULL, NULL, NULL, 1999000.00, 0.00, 1999000.00, 0.00, NULL, NULL, NULL, NULL, 'Tại Quầy', '2024-04-06 08:20:05', NULL, NULL, NULL, 'Thành Công', NULL),
                                                                                                                                                                                                                                                                                                                                                                                                                                                                (43, 'HD00021', 'Tan Lao Lu', 'LFCVV7', 'lutan2212@gmail.com', 1978701.00, NULL, b'0', NULL, NULL, 8, NULL, 1999000.00, 50000.00, 1978701.00, 29701.00, NULL, NULL, NULL, '0866755653', 'tổ 11 thị trấn Bát Xát,Xã Thạch Lương,Thị xã Nghĩa Lộ,Yên Bái', '2024-04-06 08:25:44', NULL, NULL, NULL, 'Chờ Xác Nhận', NULL),
                                                                                                                                                                                                                                                                                                                                                                                                                                                                (44, 'HD00022', 'Khách Lẻ', NULL, NULL, 0.00, 2498000.00, b'1', NULL, NULL, NULL, NULL, 2498000.00, 0.00, 2498000.00, 0.00, NULL, NULL, NULL, NULL, 'Tại Quầy', '2024-04-06 08:58:34', NULL, NULL, NULL, 'Thành Công', NULL),
                                                                                                                                                                                                                                                                                                                                                                                                                                                                (45, 'HD00023', 'Khách Lẻ', NULL, NULL, 0.00, 1499000.00, b'1', NULL, NULL, NULL, NULL, 1499000.00, 0.00, 1499000.00, 0.00, NULL, NULL, NULL, NULL, 'Tại Quầy', '2024-04-06 09:11:33', NULL, NULL, NULL, 'Thành Công', NULL),
                                                                                                                                                                                                                                                                                                                                                                                                                                                                (46, 'HD00024', 'Tẩn Láo Lù', 'QJFB1FWE', 'lutan2212@gmail.com', 2748000.00, NULL, b'0', NULL, 1, 8, NULL, 3394000.00, 50000.00, 3344000.00, 0.00, NULL, NULL, NULL, '0866755653', ' thị trấn,Phường Quan Hoa,Quận Cầu Giấy,Hà Nội', '2024-04-06 09:13:36', NULL, NULL, NULL, 'Chờ Xác Nhận', NULL),
                                                                                                                                                                                                                                                                                                                                                                                                                                                                (47, 'HD00025', 'Tẩn Láo Lù', 'LFCVV6', 'lutan2212@gmail.com', 725300.00, NULL, b'0', NULL, 1, NULL, NULL, 700000.00, 0.00, 725300.00, 25300.00, NULL, NULL, NULL, '0866755653', ' thị trấn,Phường Quan Hoa,Quận Cầu Giấy,Hà Nội', '2024-04-06 09:14:01', NULL, NULL, NULL, 'Chờ Xác Nhận', NULL),
                                                                                                                                                                                                                                                                                                                                                                                                                                                                (48, 'HD00026', 'Khách Lẻ', NULL, NULL, 0.00, 499000.00, b'1', NULL, NULL, NULL, NULL, 499000.00, 0.00, 499000.00, 0.00, NULL, NULL, NULL, NULL, 'Tại Quầy', '2024-04-06 12:38:04', NULL, NULL, NULL, 'Thành Công', NULL),
                                                                                                                                                                                                                                                                                                                                                                                                                                                                (49, 'HD00027', 'Khách Lẻ', NULL, NULL, 0.00, 11192000.00, b'1', NULL, NULL, NULL, NULL, 11192000.00, 0.00, 11192000.00, 0.00, NULL, NULL, NULL, NULL, 'Tại Quầy', '2024-04-06 13:40:34', NULL, NULL, NULL, 'Thành Công', NULL),
                                                                                                                                                                                                                                                                                                                                                                                                                                                                (50, 'HD00028', 'Khách Lẻ', NULL, NULL, 0.00, 12983000.00, b'1', NULL, NULL, NULL, NULL, 12983000.00, 0.00, 12983000.00, 0.00, NULL, NULL, NULL, NULL, 'Tại Quầy', '2024-04-06 14:40:06', NULL, NULL, NULL, 'Thành Công', NULL),
                                                                                                                                                                                                                                                                                                                                                                                                                                                                (51, 'HD00029', 'Khách Lẻ', NULL, NULL, 0.00, 13760000.00, b'1', NULL, NULL, 7, NULL, 18760000.00, 5000000.00, 13760000.00, 0.00, NULL, NULL, NULL, NULL, 'Tại Quầy', '2024-04-06 14:42:53', NULL, NULL, NULL, 'Thành Công', NULL),
                                                                                                                                                                                                                                                                                                                                                                                                                                                                (52, 'HD00030', 'Khách Lẻ', NULL, NULL, 0.00, 1499000.00, b'1', NULL, NULL, NULL, NULL, 1499000.00, 0.00, 1499000.00, 0.00, NULL, NULL, NULL, NULL, 'Tại Quầy', '2024-04-07 06:08:24', NULL, NULL, NULL, 'Thành Công', NULL),
                                                                                                                                                                                                                                                                                                                                                                                                                                                                (53, 'HD00031', 'Khách Lẻ', NULL, NULL, 0.00, 8494000.00, b'1', NULL, NULL, NULL, NULL, 8494000.00, 0.00, 8494000.00, 0.00, NULL, NULL, NULL, NULL, 'Tại Quầy', '2024-04-07 06:09:24', NULL, NULL, NULL, 'Thành Công', NULL),
                                                                                                                                                                                                                                                                                                                                                                                                                                                                (54, 'HD00032', 'Khách Lẻ', NULL, NULL, 0.00, 998000.00, b'1', NULL, NULL, NULL, NULL, 998000.00, 0.00, 998000.00, 0.00, NULL, NULL, NULL, NULL, 'Tại Quầy', '2024-04-07 08:12:58', NULL, NULL, NULL, 'Thành Công', NULL),
                                                                                                                                                                                                                                                                                                                                                                                                                                                                (55, 'HD00033', 'Khách Lẻ', NULL, NULL, 0.00, 4695000.00, b'1', NULL, NULL, NULL, NULL, 4695000.00, 0.00, 4695000.00, 0.00, NULL, NULL, NULL, NULL, 'Tại Quầy', '2024-04-07 13:21:42', NULL, NULL, NULL, 'Thành Công', NULL),
                                                                                                                                                                                                                                                                                                                                                                                                                                                                (56, 'HD00034', 'Khách Lẻ', NULL, NULL, 0.00, 5699000.00, b'1', NULL, NULL, NULL, NULL, 5699000.00, 0.00, 5699000.00, 0.00, NULL, NULL, NULL, NULL, 'Tại Quầy', '2024-04-07 13:58:30', NULL, NULL, NULL, 'Thành Công', NULL),
                                                                                                                                                                                                                                                                                                                                                                                                                                                                (57, 'HD00035', 'Khách Lẻ', NULL, NULL, 0.00, 2199000.00, b'1', NULL, NULL, NULL, NULL, 2199000.00, 0.00, 2199000.00, 0.00, NULL, NULL, NULL, NULL, 'Tại Quầy', '2024-04-07 13:59:50', NULL, NULL, NULL, 'Thành Công', NULL),
                                                                                                                                                                                                                                                                                                                                                                                                                                                                (58, 'HD00036', 'Đẹp Trai Siêu Cấp Vip Pro', '', 'traidep@gmail.com', 3298000.00, 0.00, b'1', NULL, NULL, NULL, NULL, 3298000.00, 0.00, 3298000.00, 0.00, NULL, NULL, NULL, '0954212451', 'ABC, Xã Vĩnh Khúc, Huyện Văn Giang, Hưng Yên', '2024-04-08 02:15:18', NULL, NULL, NULL, 'Chuẩn Bị Hàng', NULL),
                                                                                                                                                                                                                                                                                                                                                                                                                                                                (59, 'HD00037', 'Khách Lẻ', NULL, NULL, 0.00, 6196000.00, b'1', NULL, NULL, NULL, NULL, 6196000.00, 0.00, 6196000.00, 0.00, NULL, NULL, NULL, NULL, 'Tại Quầy', '2024-04-08 08:38:37', NULL, NULL, NULL, 'Thành Công', NULL),
                                                                                                                                                                                                                                                                                                                                                                                                                                                                (60, 'HD00038', 'Khách Lẻ', NULL, NULL, 0.00, 11684000.00, b'1', NULL, NULL, NULL, NULL, 11684000.00, 0.00, 11684000.00, 0.00, NULL, NULL, NULL, NULL, 'Tại Quầy', '2024-04-08 10:12:21', NULL, NULL, NULL, 'Thành Công', NULL),
                                                                                                                                                                                                                                                                                                                                                                                                                                                                (61, 'HD00039', 'Tan Lao Lu', 'LFCVMB', 'lutan2212+Textds@gmail.com', 1328701.00, NULL, b'0', NULL, NULL, NULL, NULL, 1299000.00, 0.00, 1328701.00, 29701.00, NULL, NULL, NULL, '0866755653', 'tổ 11,Xã Tân Dân,Huyện Mai Châu,Hòa Bình', '2024-04-08 10:13:34', NULL, NULL, NULL, 'Chờ Xác Nhận', NULL),
                                                                                                                                                                                                                                                                                                                                                                                                                                                                (62, 'HD00040', 'Trương Tiễn', 'LFCVER', 'lutan2212+Texst@gmail.com', 2068301.00, NULL, b'0', NULL, NULL, NULL, NULL, 1999000.00, 0.00, 2068301.00, 69301.00, NULL, NULL, NULL, '0458124564', 'tổ 11,Xã Mường Hoong,Huyện Đắk Glei,Kon Tum', '2024-04-08 12:35:53', NULL, NULL, NULL, 'Chờ Xác Nhận', NULL),
                                                                                                                                                                                                                                                                                                                                                                                                                                                                (63, 'HD00041', 'Khách Lẻ', NULL, NULL, 0.00, 1499000.00, b'1', NULL, NULL, NULL, NULL, 1499000.00, 0.00, 1499000.00, 0.00, NULL, NULL, NULL, NULL, 'Tại Quầy', '2024-04-08 13:27:27', NULL, NULL, NULL, 'Thành Công', NULL),
                                                                                                                                                                                                                                                                                                                                                                                                                                                                (64, 'HD00042', 'Tan Lao Lu', 'F162NVW3', 'lutlph14249@fpt.edu.vn', 3897000.00, NULL, b'0', NULL, NULL, NULL, NULL, 3897000.00, 0.00, 3897000.00, 0.00, NULL, NULL, NULL, '0866755653', 'Nguyen co thach,Xã Việt Hưng,Huyện Văn Lâm,Hưng Yên', '2024-04-08 14:01:57', NULL, NULL, NULL, 'Chờ Xác Nhận', NULL),
                                                                                                                                                                                                                                                                                                                                                                                                                                                                (65, 'HD00043', 'Khách Lẻ', NULL, NULL, 0.00, 998000.00, b'1', NULL, NULL, NULL, NULL, 998000.00, 0.00, 998000.00, 0.00, NULL, NULL, NULL, NULL, 'Tại Quầy', '2024-04-09 01:53:25', NULL, NULL, NULL, 'Thành Công', NULL),
                                                                                                                                                                                                                                                                                                                                                                                                                                                                (66, 'HD00044', 'Khách Lẻ', NULL, NULL, 0.00, 4690000.00, b'1', NULL, NULL, NULL, NULL, 4690000.00, 0.00, 4690000.00, 0.00, NULL, NULL, NULL, NULL, 'Tại Quầy', '2024-04-09 01:54:04', NULL, NULL, NULL, 'Thành Công', NULL),
                                                                                                                                                                                                                                                                                                                                                                                                                                                                (67, 'HD00045', 'Khách Lẻ', NULL, NULL, 0.00, 2798000.00, b'1', NULL, NULL, NULL, NULL, 2798000.00, 0.00, 2798000.00, 0.00, NULL, NULL, NULL, NULL, 'Tại Quầy', '2024-04-09 02:06:54', NULL, NULL, NULL, 'Thành Công', NULL),
                                                                                                                                                                                                                                                                                                                                                                                                                                                                (68, 'HD00046', 'Tan Lao Lu', 'XJX8LNER', 'lutan2212+Textds@gmail.com', 4690000.00, NULL, b'0', NULL, NULL, NULL, NULL, 4690000.00, 0.00, 4690000.00, 0.00, NULL, NULL, NULL, '0866755653', 'tổ 11 thị trấn Bát Xát,Thị trấn Bát Xát,Huyện Bát Xát,Lào Cai', '2024-04-09 02:08:40', NULL, NULL, NULL, 'Chờ Xác Nhận', NULL),
                                                                                                                                                                                                                                                                                                                                                                                                                                                                (69, 'HD00047', 'Khách Lẻ', NULL, NULL, 0.00, 1499000.00, b'1', NULL, NULL, NULL, NULL, 1499000.00, 0.00, 1499000.00, 0.00, NULL, NULL, NULL, NULL, 'Tại Quầy', '2024-04-09 02:16:27', NULL, NULL, NULL, 'Thành Công', NULL),
                                                                                                                                                                                                                                                                                                                                                                                                                                                                (70, 'HD00048', 'Tan Lao Lu', 'LFC6L9', 'lutan2212+Textds@gmail.com', 527601.00, NULL, b'0', NULL, NULL, NULL, NULL, 499000.00, 0.00, 527601.00, 28601.00, '2024-04-12 09:01:54', NULL, NULL, '0866755653', 'tổ 11 thị trấn Bát Xát,Xã Phú Minh,Huyện Kỳ Sơn,Hòa Bình', '2024-04-09 02:18:01', NULL, NULL, NULL, 'Chuẩn Bị Hàng', NULL),
                                                                                                                                                                                                                                                                                                                                                                                                                                                                (71, 'HD00049', 'Tan Lao Lu', 'LFC6LV', 'lutan2212+Text@gmail.com', 729701.00, NULL, b'0', NULL, NULL, NULL, NULL, 700000.00, 0.00, 729701.00, 29701.00, NULL, NULL, NULL, '0866755653', 'tổ 11 thị trấn Bát Xát,Xã Tân Quang,Huyện Văn Lâm,Hưng Yên', '2024-04-09 02:20:43', NULL, NULL, NULL, 'Chờ Xác Nhận', NULL),
                                                                                                                                                                                                                                                                                                                                                                                                                                                                (72, 'HD00050', 'Khách Lẻ', NULL, NULL, 0.00, 4447000.00, b'1', NULL, NULL, 5, NULL, 4597000.00, 150000.00, 4447000.00, 0.00, NULL, NULL, NULL, NULL, 'Tại Quầy', '2024-04-09 08:58:35', NULL, NULL, NULL, 'Thành Công', NULL),
                                                                                                                                                                                                                                                                                                                                                                                                                                                                (73, 'HD00051', 'Khách Lẻ', NULL, NULL, 0.00, 1999000.00, b'1', NULL, NULL, NULL, NULL, 1999000.00, 0.00, 1999000.00, 0.00, NULL, NULL, NULL, NULL, 'Tại Quầy', '2024-04-09 09:28:10', NULL, NULL, NULL, 'Thành Công', NULL),
                                                                                                                                                                                                                                                                                                                                                                                                                                                                (74, 'HD00052', 'Khách Lẻ', NULL, NULL, 0.00, 1499000.00, b'1', NULL, NULL, NULL, NULL, 1499000.00, 0.00, 1499000.00, 0.00, NULL, NULL, NULL, NULL, 'Tại Quầy', '2024-04-09 09:30:43', NULL, NULL, NULL, 'Thành Công', NULL),
                                                                                                                                                                                                                                                                                                                                                                                                                                                                (75, 'HD00053', 'Khách Lẻ', NULL, NULL, 0.00, 1999000.00, b'1', NULL, NULL, NULL, NULL, 1999000.00, 0.00, 1999000.00, 0.00, NULL, NULL, NULL, NULL, 'Tại Quầy', '2024-04-09 09:39:14', NULL, NULL, NULL, 'Thành Công', NULL),
                                                                                                                                                                                                                                                                                                                                                                                                                                                                (76, 'HD00054', 'Khách Lẻ', NULL, NULL, 0.00, 1999000.00, b'1', NULL, NULL, NULL, NULL, 1999000.00, 0.00, 1999000.00, 0.00, NULL, NULL, NULL, NULL, 'Tại Quầy', '2024-04-09 12:27:22', NULL, NULL, NULL, 'Thành Công', NULL),
                                                                                                                                                                                                                                                                                                                                                                                                                                                                (77, 'HD00055', 'Khách Lẻ', NULL, NULL, 0.00, 1999000.00, b'1', NULL, NULL, NULL, NULL, 1999000.00, 0.00, 1999000.00, 0.00, NULL, NULL, NULL, NULL, 'Tại Quầy', '2024-04-10 06:38:26', NULL, NULL, NULL, 'Thành Công', NULL),
                                                                                                                                                                                                                                                                                                                                                                                                                                                                (78, 'HD00056', 'Khách Lẻ', NULL, NULL, 0.00, 1349000.00, b'1', NULL, NULL, 5, NULL, 1499000.00, 150000.00, 1349000.00, 0.00, NULL, NULL, NULL, NULL, 'Tại Quầy', '2024-04-10 08:42:15', NULL, NULL, NULL, 'Thành Công', NULL),
                                                                                                                                                                                                                                                                                                                                                                                                                                                                (79, 'HD00057', 'Tẩn Láo Lù', NULL, 'lutan2212@gmail.com', 0.00, 1849000.00, b'1', NULL, 1, 5, NULL, 1999000.00, 150000.00, 1849000.00, 0.00, NULL, NULL, NULL, '0866755653', 'Tại Quầy', '2024-04-10 08:42:58', NULL, NULL, NULL, 'Thành Công', NULL),
                                                                                                                                                                                                                                                                                                                                                                                                                                                                (80, 'HD00058', 'Khách Lẻ', NULL, NULL, 0.00, 1499000.00, b'1', NULL, NULL, NULL, NULL, 1499000.00, 0.00, 1499000.00, 0.00, NULL, NULL, NULL, NULL, 'Tại Quầy', '2024-04-10 09:19:49', NULL, NULL, NULL, 'Thành Công', NULL),
                                                                                                                                                                                                                                                                                                                                                                                                                                                                (81, 'HD00059', 'Khách Lẻ', NULL, NULL, 0.00, 4647000.00, b'1', NULL, NULL, 5, NULL, 4797000.00, 150000.00, 4647000.00, 0.00, NULL, NULL, NULL, NULL, 'Tại Quầy', '2024-04-12 01:09:12', NULL, NULL, NULL, 'Thành Công', NULL),
                                                                                                                                                                                                                                                                                                                                                                                                                                                                (82, 'HD00060', 'Tan Lao Lu', 'LF9FCM', 'lutan2212+Textds@gmail.com', 629701.00, NULL, b'0', NULL, NULL, 3, NULL, 700000.00, 100000.00, 629701.00, 29701.00, NULL, NULL, NULL, '0866755653', 'tổ 11 thị trấn Bát Xát,Xã Tân Quang,Huyện Văn Lâm,Hưng Yên', '2024-04-12 01:38:38', NULL, NULL, NULL, 'Chờ Xác Nhận', NULL),
                                                                                                                                                                                                                                                                                                                                                                                                                                                                (83, 'HD00061', 'Tan Lao Lu', 'W1898QTA', 'lutan2212+Textds@gmail.com', 8880000.00, NULL, b'0', NULL, NULL, 6, NULL, 10080000.00, 1200000.00, 8880000.00, 0.00, '2024-04-12 08:45:04', NULL, NULL, '0866755653', 'tổ 11 thị trấn Bát Xát,Thị trấn Mai Châu,Huyện Mai Châu,Hòa Bình', '2024-04-12 01:58:40', NULL, NULL, NULL, 'Thành Công', NULL),
                                                                                                                                                                                                                                                                                                                                                                                                                                                                (84, 'HD00062', 'Tan Lao Lu', 'EM8KH6WS', 'lutan2212+Text@gmail.com', 8880000.00, NULL, b'0', NULL, NULL, 6, NULL, 10080000.00, 1200000.00, 8880000.00, 0.00, NULL, NULL, NULL, '0866755656', 'tổ 11 thị trấn Bát Xát,Xã Tả Thàng,Huyện Mường Khương,Lào Cai', '2024-04-12 02:07:15', NULL, NULL, NULL, 'Chờ Xác Nhận', NULL),
                                                                                                                                                                                                                                                                                                                                                                                                                                                                (85, 'HD00063', 'Tan Lao Lu', 'LF9FV4', 'lutan2212+Text@gmail.com', 428701.00, NULL, b'0', NULL, NULL, 3, NULL, 499000.00, 100000.00, 428701.00, 29701.00, '2024-04-12 09:13:54', NULL, NULL, '0866755651', 'tổ 11 thị trấn Bát Xát,Xã Lùng Vai,Huyện Mường Khương,Lào Cai', '2024-04-12 02:12:35', NULL, NULL, NULL, 'Chờ Giao', NULL),
                                                                                                                                                                                                                                                                                                                                                                                                                                                                (86, 'HD00064', 'Tan Lao Lu', 'LK34X7FY', 'lutan2212+Texst@gmail.com', 9230000.00, NULL, b'0', NULL, NULL, 5, NULL, 9380000.00, 150000.00, 9230000.00, 0.00, '2024-04-12 08:56:41', NULL, NULL, '0866755653', 'tổ 11 thị trấn Bát Xát,Xã Thân Thuộc,Huyện Tân Uyên,Lai Châu', '2024-04-12 02:28:57', NULL, NULL, NULL, 'Chuẩn Bị Hàng', NULL),
                                                                                                                                                                                                                                                                                                                                                                                                                                                                (87, 'HD00065', 'Tan Lao Lu', 'LF9FVK', 'lutan2212+Textds@gmail.com', 769301.00, NULL, b'0', NULL, NULL, NULL, NULL, 3598000.00, 0.00, 3598000.00, 0.00, '2024-04-12 08:54:01', NULL, NULL, '0866755653', 'tổ 11 thị trấn Bát Xát,Xã Hòa Xuân Nam,Thị xã Đông Hòa,Phú Yên', '2024-04-12 02:31:23', NULL, NULL, NULL, 'Chờ Giao', NULL),
                                                                                                                                                                                                                                                                                                                                                                                                                                                                (88, 'HD00066', 'Khách Lẻ', NULL, NULL, 0.00, 1499000.00, b'1', NULL, NULL, NULL, NULL, 1499000.00, 0.00, 1499000.00, 0.00, NULL, NULL, NULL, NULL, 'Tại Quầy', '2024-04-12 02:40:06', NULL, NULL, NULL, 'Thành Công', NULL),
                                                                                                                                                                                                                                                                                                                                                                                                                                                                (89, 'HD00067', 'Khách Lẻ', NULL, NULL, 0.00, 1299000.00, b'1', NULL, NULL, NULL, NULL, 1299000.00, 0.00, 1299000.00, 0.00, NULL, NULL, NULL, NULL, 'Tại Quầy', '2024-04-12 02:54:57', NULL, NULL, NULL, 'Thành Công', NULL),
                                                                                                                                                                                                                                                                                                                                                                                                                                                                (90, 'HD00068', 'Tan Lao Lu', 'S4QTZFF4', 'lutan2212+Textds@gmail.com', 4849000.00, NULL, b'0', NULL, NULL, 5, NULL, 4999000.00, 150000.00, 4849000.00, 0.00, '2024-04-12 08:35:26', NULL, NULL, '0866755653', 'tổ 11 thị trấn Bát Xát,Xã Vĩnh Khúc,Huyện Văn Giang,Hưng Yên', '2024-04-12 08:19:38', NULL, NULL, NULL, 'Chờ Giao', NULL),
                                                                                                                                                                                                                                                                                                                                                                                                                                                                (91, 'HD00069', 'Tan Lao Lu', 'LF9F48', 'lutan2212+Texst@gmail.com', 2028701.00, NULL, b'0', NULL, NULL, NULL, NULL, 1999000.00, 0.00, 2028701.00, 29701.00, '2024-04-12 08:28:37', NULL, NULL, '0866755653', 'tổ 11 thị trấn Bát Xát,Xã Pù Pin,Huyện Mai Châu,Hòa Bình', '2024-04-12 08:20:18', NULL, NULL, NULL, 'Đang Giao', NULL),
                                                                                                                                                                                                                                                                                                                                                                                                                                                                (92, 'HD00070', 'Khách Lẻ', NULL, NULL, 0.00, 1849000.00, b'1', NULL, NULL, 5, NULL, 1999000.00, 150000.00, 1849000.00, 0.00, NULL, NULL, NULL, NULL, 'Tại Quầy', '2024-04-12 08:33:47', NULL, NULL, NULL, 'Thành Công', NULL),
                                                                                                                                                                                                                                                                                                                                                                                                                                                                (93, 'HD00071', 'Khách Lẻ', NULL, NULL, 0.00, 1849000.00, b'1', NULL, NULL, 5, NULL, 1999000.00, 150000.00, 1849000.00, 0.00, NULL, NULL, NULL, NULL, 'Tại Quầy', '2024-04-12 13:35:00', NULL, NULL, NULL, 'Thành Công', NULL),
                                                                                                                                                                                                                                                                                                                                                                                                                                                                (94, 'HD00072', 'Khách Lẻ', NULL, NULL, 0.00, 1249000.00, b'1', NULL, NULL, 5, NULL, 1399000.00, 150000.00, 1249000.00, 0.00, NULL, NULL, NULL, NULL, 'Tại Quầy', '2024-04-12 14:39:20', NULL, NULL, NULL, 'Thành Công', NULL),
                                                                                                                                                                                                                                                                                                                                                                                                                                                                (95, 'HD00073', 'Trương Thiên Tân', 'LF97MV', 'thientan9912lc@gmail.com', 2055101.00, 0.00, b'1', 2, 3, NULL, NULL, 1999000.00, 0.00, 2055101.00, 56101.00, NULL, NULL, NULL, '0954212451', '24C, Phường Lê Lợi, Thành phố Quy Nhơn, Bình Định', '2024-04-14 14:00:46', NULL, NULL, NULL, 'Chuẩn Bị Hàng', NULL),
                                                                                                                                                                                                                                                                                                                                                                                                                                                                (96, 'HD00074', 'Trương Thiên Tân', 'LF97M6', 'thientan9912lc@gmail.com', 2055101.00, 0.00, b'1', 2, 3, NULL, NULL, 1999000.00, 0.00, 2055101.00, 56101.00, NULL, NULL, NULL, '0954212451', '24C, Phường Lê Lợi, Thành phố Quy Nhơn, Bình Định', '2024-04-14 14:02:56', NULL, NULL, NULL, 'Chuẩn Bị Hàng', NULL),
                                                                                                                                                                                                                                                                                                                                                                                                                                                                (97, 'HD00075', 'Đặng Anh Tuấn', 'LF97MN', 'lutan2212@gmail.com', NULL, 1028701.00, b'0', NULL, NULL, 10, NULL, 1499000.00, 500000.00, 1028701.00, 29701.00, '2024-04-14 14:08:49', NULL, NULL, '0865425325', '12,Xã Vĩnh Khúc,Huyện Văn Giang,Hưng Yên', '2024-04-14 14:06:22', '2024-04-14 14:08:15', NULL, NULL, 'Chuẩn Bị Hàng', NULL),
                                                                                                                                                                                                                                                                                                                                                                                                                                                                (98, 'HD00076', 'Trương Thiên Tân', 'LF97MX', 'thientan9912lc@gmail.com', 1555101.00, 0.00, b'1', 2, 3, 10, NULL, 1999000.00, 500000.00, 1555101.00, 56101.00, NULL, NULL, NULL, '0954212451', '24C, Phường Lê Lợi, Thành phố Quy Nhơn, Bình Định', '2024-04-14 14:26:39', NULL, NULL, NULL, 'Chuẩn Bị Hàng', NULL),
                                                                                                                                                                                                                                                                                                                                                                                                                                                                (99, 'HD00077', 'Đặng Anh Tuấn', 'LF97MA', 'lutan2212@gmail.com', NULL, 1028701.00, b'0', NULL, NULL, 10, NULL, 1499000.00, 500000.00, 1028701.00, 29701.00, '2024-04-14 14:30:03', NULL, NULL, '0865425325', '12,Xã Trưng Trắc,Huyện Văn Lâm,Hưng Yên', '2024-04-14 14:28:13', NULL, NULL, NULL, 'Chuẩn Bị Hàng', NULL),
                                                                                                                                                                                                                                                                                                                                                                                                                                                                (100, 'HD00078', 'Đặng Anh Tuấn', 'T52TDUBU', 'lutan2212@gmail.com', 4190000.00, NULL, b'0', NULL, NULL, 10, NULL, 4690000.00, 500000.00, 4190000.00, 0.00, NULL, NULL, NULL, '0865425325', '1,Xã Trưng Trắc,Huyện Văn Lâm,Hưng Yên', '2024-04-14 14:31:07', NULL, NULL, NULL, 'Chờ Xác Nhận', NULL),
                                                                                                                                                                                                                                                                                                                                                                                                                                                                (101, 'HD00079', 'Trương Thiên Tân', 'LF97M8', 'lutan2212+6@gmail.com', NULL, 1028701.00, b'0', NULL, NULL, 10, NULL, 1499000.00, 500000.00, 1028701.00, 29701.00, NULL, NULL, NULL, '0866755653', '2,Xã Thượng Nông,Huyện Na Hang,Tuyên Quang', '2024-04-14 14:32:26', NULL, NULL, NULL, 'Chờ Xác Nhận', NULL),
                                                                                                                                                                                                                                                                                                                                                                                                                                                                (102, 'HD00080', 'Trương Thiên Tân', 'LF97MY', 'thientan9912lc@gmail.com', 1205101.00, 0.00, b'1', 2, 3, 5, NULL, 1299000.00, 150000.00, 1205101.00, 56101.00, NULL, NULL, NULL, '0954212451', '24C, Phường Lê Lợi, Thành phố Quy Nhơn, Bình Định', '2024-04-14 14:49:40', NULL, NULL, NULL, 'Chuẩn Bị Hàng', NULL),
                                                                                                                                                                                                                                                                                                                                                                                                                                                                (103, 'HD00081', 'Đặng Anh Tuấn', 'WC8QQT6H', 'lutan2212+6@gmail.com', NULL, 4190000.00, b'0', NULL, NULL, 10, NULL, 4690000.00, 500000.00, 4190000.00, 0.00, NULL, NULL, NULL, '0865425325', '12,Xã Pi Toong,Huyện Mường La,Sơn La', '2024-04-14 14:50:55', NULL, NULL, NULL, 'Chờ Xác Nhận', NULL),
                                                                                                                                                                                                                                                                                                                                                                                                                                                                (104, 'HD00082', 'Trương Thiên Tân', 'LF97EL', 'thientan9912lc@gmail.com', 1935101.00, 0.00, b'1', 2, 3, 14, NULL, 1999000.00, 120000.00, 1935101.00, 56101.00, NULL, NULL, NULL, '0954212451', '24C, Phường Lê Lợi, Thành phố Quy Nhơn, Bình Định', '2024-04-14 15:14:29', NULL, NULL, NULL, 'Chuẩn Bị Hàng', NULL),
                                                                                                                                                                                                                                                                                                                                                                                                                                                                (105, 'HD00083', 'Tẩn Láo Lù', 'P65923Y4', 'anhtuanlc@gmail.com', 4799000.00, NULL, b'0', NULL, 1, 10, NULL, 5299000.00, 500000.00, 4799000.00, 0.00, NULL, NULL, NULL, '0866755653', 'Tổ 11,Thị trấn Bát Xát,Huyện Bát Xát,Lào Cai', '2024-04-14 15:23:34', NULL, NULL, NULL, 'Chờ Xác Nhận', NULL),
                                                                                                                                                                                                                                                                                                                                                                                                                                                                (106, 'HD00084', 'Tan Lao Lu', 'TTQEKH3S', 'lutan2212+Textds@gmail.com', NULL, 4190000.00, b'0', NULL, NULL, 10, NULL, 4690000.00, 500000.00, 4190000.00, 0.00, NULL, NULL, NULL, '0866755653', 'tổ 11 thị trấn Bát Xát,Xã Thân Thuộc,Huyện Tân Uyên,Lai Châu', '2024-04-14 15:25:31', NULL, NULL, NULL, 'Chờ Xác Nhận', NULL),
                                                                                                                                                                                                                                                                                                                                                                                                                                                                (107, 'HD00085', 'Trương Thiên Tân', 'LF97EW', 'thientan9912lc@gmail.com', 1655301.00, 0.00, b'1', 2, 3, 15, NULL, 1999000.00, 399800.00, 1655301.00, 56101.00, NULL, NULL, NULL, '0954212451', '24C, Phường Lê Lợi, Thành phố Quy Nhơn, Bình Định', '2024-04-14 16:05:22', NULL, NULL, NULL, 'Chuẩn Bị Hàng', NULL),
                                                                                                                                                                                                                                                                                                                                                                                                                                                                (108, 'HD00086', 'Tan Lao Lu', 'TVIIVOEQ', 'lutan2212+Textds@gmail.com', NULL, 2150000.00, b'0', NULL, NULL, 10, NULL, 2650000.00, 500000.00, 2150000.00, 0.00, '2024-04-18 07:00:16', NULL, NULL, '0866755653', 'tổ 11 thị trấn Bát Xát,Xã Ya Tăng,Huyện Sa Thầy,Kon Tum', '2024-04-14 16:08:05', NULL, NULL, NULL, 'Chờ Giao', NULL),
                                                                                                                                                                                                                                                                                                                                                                                                                                                                (109, 'HD00087', 'Tẩn Láo Lù', '2VMR49PU', 'anhtuanlc@gmail.com', 4190000.00, NULL, b'0', NULL, 1, 12, NULL, 4690000.00, 500000.00, 4190000.00, 0.00, '2024-04-14 16:11:50', NULL, NULL, '0866755653', 'Tổ 11,Thị trấn Bát Xát,Huyện Bát Xát,Lào Cai', '2024-04-14 16:10:13', NULL, NULL, NULL, 'Chuẩn Bị Hàng', NULL),
                                                                                                                                                                                                                                                                                                                                                                                                                                                                (110, 'HD00088', 'Khách Lẻ', NULL, NULL, 0.00, 1199000.00, b'1', 5, NULL, 3, NULL, 1299000.00, 100000.00, 1199000.00, 0.00, NULL, NULL, NULL, NULL, 'Tại Quầy', '2024-04-15 14:29:54', NULL, NULL, NULL, 'Thành Công', NULL),
                                                                                                                                                                                                                                                                                                                                                                                                                                                                (111, 'HD00089', 'Trương Thiên Tân', 'LF9U6V', 'thientan9912lc@gmail.com', 0.00, 1955101.00, b'1', 5, 3, 3, NULL, 1999000.00, 100000.00, 1955101.00, 56101.00, NULL, NULL, NULL, '0954212451', '24C, Phường Lê Lợi, Thành phố Quy Nhơn, Bình Định', '2024-04-15 14:30:04', NULL, NULL, NULL, 'Chuẩn Bị Hàng', NULL),
                                                                                                                                                                                                                                                                                                                                                                                                                                                                (112, 'HD00090', 'Trương Thiên Tân', 'LF9UDU', 'thientan9912lc@gmail.com', 505101.00, 0.00, b'1', 5, 3, 8, NULL, 499000.00, 50000.00, 505101.00, 56101.00, NULL, NULL, NULL, '0954212451', '24C, Phường Lê Lợi, Thành phố Quy Nhơn, Bình Định', '2024-04-15 15:46:24', '2024-04-19 06:33:27', NULL, NULL, 'Hủy', NULL),
                                                                                                                                                                                                                                                                                                                                                                                                                                                                (113, 'HD00091', 'Trương Thiên Tân', NULL, 'thientan9912lc@gmail.com', 0.00, 899000.00, b'1', 5, 3, 16, NULL, 1399000.00, 500000.00, 899000.00, 0.00, NULL, NULL, NULL, '0954212451', 'Tại Quầy', '2024-04-15 15:46:47', NULL, NULL, NULL, 'Thành Công', NULL),
                                                                                                                                                                                                                                                                                                                                                                                                                                                                (114, 'HD00092', 'Đặng Anh Tuấn', 'X3P1D8AJ', 'customer@gmail.com', 2098000.00, NULL, b'0', NULL, 5, 10, NULL, 2598000.00, 500000.00, 2098000.00, 0.00, '2024-04-18 06:59:46', NULL, NULL, '0999999999', '12,Xã Tây Vinh,Huyện Tây Sơn,Bình Định', '2024-04-15 15:52:20', NULL, NULL, NULL, 'Đang Giao', NULL),
                                                                                                                                                                                                                                                                                                                                                                                                                                                                (115, 'HD00093', 'Đặng Anh Tuấn', 'IOUYGIEL', 'customer@gmail.com', 2098000.00, NULL, b'0', NULL, 5, 12, NULL, 2598000.00, 500000.00, 2098000.00, 0.00, '2024-04-18 06:59:27', NULL, NULL, '0999999999', '12,Xã Tây Vinh,Huyện Tây Sơn,Bình Định', '2024-04-15 16:01:03', NULL, NULL, NULL, 'Thành Công', NULL),
                                                                                                                                                                                                                                                                                                                                                                                                                                                                (116, 'HD00094', 'Trương Thiên Tân', 'LF99PA', 'anhtuanlc@gmail.com', 0.00, 1524301.00, b'1', 5, NULL, 10, NULL, 1999000.00, 500000.00, 1524301.00, 25301.00, NULL, NULL, NULL, '0866755653', '12, Xã Thắng Lợi, Huyện Văn Giang, Hưng Yên', '2024-04-18 07:01:37', NULL, NULL, NULL, 'Chuẩn Bị Hàng', NULL),
                                                                                                                                                                                                                                                                                                                                                                                                                                                                (117, 'HD00095', 'Khách Lẻ', NULL, NULL, 0.00, 799000.00, b'1', 5, NULL, 16, NULL, 1299000.00, 500000.00, 799000.00, 0.00, NULL, NULL, NULL, NULL, 'Tại Quầy', '2024-04-18 07:04:38', NULL, NULL, NULL, 'Thành Công', NULL),
                                                                                                                                                                                                                                                                                                                                                                                                                                                                (118, 'HD00096', 'Khách Lẻ', NULL, NULL, 0.00, 1499000.00, b'1', 5, NULL, 10, NULL, 1999000.00, 500000.00, 1499000.00, 0.00, NULL, NULL, NULL, NULL, 'Tại Quầy', '2024-04-18 07:06:44', NULL, NULL, NULL, 'Thành Công', NULL),
                                                                                                                                                                                                                                                                                                                                                                                                                                                                (119, 'HD00097', 'Khách Lẻ', NULL, NULL, 0.00, 1499000.00, b'1', 5, NULL, 16, NULL, 1999000.00, 500000.00, 1499000.00, 0.00, NULL, NULL, NULL, NULL, 'Tại Quầy', '2024-04-18 07:08:09', NULL, NULL, NULL, 'Thành Công', NULL),
                                                                                                                                                                                                                                                                                                                                                                                                                                                                (120, 'HD00098', 'Khách Lẻ', NULL, NULL, 0.00, 1499000.00, b'1', 5, NULL, 16, NULL, 1999000.00, 500000.00, 1499000.00, 0.00, NULL, NULL, NULL, NULL, 'Tại Quầy', '2024-04-18 07:11:10', NULL, NULL, NULL, 'Thành Công', NULL),
                                                                                                                                                                                                                                                                                                                                                                                                                                                                (121, 'HD00099', 'Khách Lẻ', NULL, NULL, 0.00, 1898000.00, b'1', 5, NULL, NULL, NULL, 1898000.00, 0.00, 1898000.00, 0.00, NULL, NULL, NULL, NULL, 'Tại Quầy', '2024-04-18 07:19:57', NULL, NULL, NULL, 'Thành Công', NULL),
                                                                                                                                                                                                                                                                                                                                                                                                                                                                (122, 'HD00100', 'Khách Lẻ', NULL, NULL, 0.00, 5189000.00, b'1', 5, NULL, NULL, NULL, 5189000.00, 0.00, 5189000.00, 0.00, NULL, NULL, NULL, NULL, 'Tại Quầy', '2024-04-18 07:20:23', NULL, NULL, NULL, 'Thành Công', NULL),
                                                                                                                                                                                                                                                                                                                                                                                                                                                                (123, 'HD00101', 'Khách Lẻ', NULL, NULL, 0.00, 3298000.00, b'1', 5, NULL, NULL, NULL, 3298000.00, 0.00, 3298000.00, 0.00, NULL, NULL, NULL, NULL, 'Tại Quầy', '2024-04-18 07:29:45', NULL, NULL, NULL, 'Thành Công', NULL),
                                                                                                                                                                                                                                                                                                                                                                                                                                                                (125, 'HD00102', 'Tan Lao Lu', 'LF994X', 'customer@gmail.com', 458402.00, NULL, b'0', NULL, 5, 3, NULL, 499000.00, 100000.00, 458402.00, 29701.00, NULL, NULL, NULL, '0866755653', 'tổ 11 thị trấn Bát Xát,Xã Trì Quang,Huyện Bảo Thắng,Lào Cai', '2024-04-18 11:55:14', NULL, NULL, NULL, 'Chờ Xác Nhận', NULL),
                                                                                                                                                                                                                                                                                                                                                                                                                                                                (126, 'HD00103', 'Tan Lao Lu', 'LF994Y', 'customer@gmail.com', 858402.00, NULL, b'0', NULL, 5, 16, NULL, 4597000.00, 500000.00, 4097000.00, 0.00, NULL, NULL, NULL, '0866755653', 'tổ 11 thị trấn Bát Xát,Xã Trì Quang,Huyện Bảo Thắng,Lào Cai', '2024-04-18 11:57:30', NULL, NULL, NULL, 'Chờ Xác Nhận', NULL);

INSERT INTO `hoa_don_chi_tiet` (`id`, `id_hoa_don`, `id_chi_tiet_san_pham`, `gia_goc`, `gia_ban`, `so_luong`) VALUES
                                                                                                                  (39, 23, 3, 2500000.00, 1999000.00, 1),
                                                                                                                  (40, 23, 2, 2500000.00, 1299000.00, 1),
                                                                                                                  (41, 24, 3, 2500000.00, 1999000.00, 1),
                                                                                                                  (42, 25, 23, 1399000.00, 1399000.00, 3),
                                                                                                                  (43, 26, 25, 1500000.00, 1399000.00, 1),
                                                                                                                  (44, 27, 4, 1999000.00, 1999000.00, 1),
                                                                                                                  (45, 28, 25, 1500000.00, 1399000.00, 1),
                                                                                                                  (46, 29, 25, 1399000.00, 1399000.00, 7),
                                                                                                                  (47, 30, 24, 1299000.00, 1299000.00, 1),
                                                                                                                  (48, 31, 24, 1299000.00, 1299000.00, 1),
                                                                                                                  (49, 32, 23, 1399000.00, 1399000.00, 4),
                                                                                                                  (50, 33, 24, 1500000.00, 1299000.00, 4),
                                                                                                                  (51, 34, 3, 2500000.00, 1999000.00, 1),
                                                                                                                  (52, 34, 4, 2500000.00, 1999000.00, 1),
                                                                                                                  (53, 35, 30, 1500000.00, 1399000.00, 1),
                                                                                                                  (54, 36, 3, 2500000.00, 1999000.00, 1),
                                                                                                                  (55, 37, 3, 2500000.00, 1999000.00, 1),
                                                                                                                  (56, 38, 67, 1500000.00, 1299000.00, 1),
                                                                                                                  (57, 39, 65, 1500000.00, 1299000.00, 1),
                                                                                                                  (58, 40, 2, 2500000.00, 1299000.00, 1),
                                                                                                                  (59, 41, 2, 2500000.00, 1299000.00, 1),
                                                                                                                  (60, 41, 4, 2500000.00, 1999000.00, 1),
                                                                                                                  (61, 42, 3, 2500000.00, 1999000.00, 1),
                                                                                                                  (62, 43, 3, 1999000.00, 1999000.00, 1),
                                                                                                                  (63, 44, 4, 2500000.00, 1999000.00, 1),
                                                                                                                  (64, 44, 33, 700000.00, 499000.00, 1),
                                                                                                                  (65, 45, 21, 1600000.00, 1499000.00, 1),
                                                                                                                  (66, 46, 30, 1399000.00, 1399000.00, 1),
                                                                                                                  (67, 47, 83, 700000.00, 700000.00, 1),
                                                                                                                  (68, 48, 116, 700000.00, 499000.00, 1),
                                                                                                                  (69, 49, 26, 1500000.00, 1399000.00, 8),
                                                                                                                  (70, 50, 23, 1500000.00, 1399000.00, 1),
                                                                                                                  (71, 50, 30, 1500000.00, 1399000.00, 1),
                                                                                                                  (72, 50, 32, 700000.00, 499000.00, 1),
                                                                                                                  (73, 50, 35, 700000.00, 499000.00, 1),
                                                                                                                  (74, 50, 49, 4690000.00, 4690000.00, 1),
                                                                                                                  (75, 50, 73, 1860000.00, 1599000.00, 1),
                                                                                                                  (76, 50, 77, 1860000.00, 1599000.00, 1),
                                                                                                                  (77, 50, 63, 1500000.00, 1299000.00, 1),
                                                                                                                  (78, 51, 46, 4690000.00, 4690000.00, 2),
                                                                                                                  (79, 51, 49, 4690000.00, 4690000.00, 2),
                                                                                                                  (80, 52, 22, 1600000.00, 1499000.00, 1),
                                                                                                                  (81, 53, 21, 1600000.00, 1499000.00, 1),
                                                                                                                  (82, 53, 20, 1600000.00, 1499000.00, 1),
                                                                                                                  (83, 53, 25, 1500000.00, 1399000.00, 1),
                                                                                                                  (84, 53, 24, 1500000.00, 1299000.00, 1),
                                                                                                                  (85, 53, 27, 1500000.00, 1399000.00, 1),
                                                                                                                  (86, 53, 26, 1500000.00, 1399000.00, 1),
                                                                                                                  (87, 54, 34, 700000.00, 499000.00, 1),
                                                                                                                  (88, 54, 33, 700000.00, 499000.00, 1),
                                                                                                                  (89, 55, 33, 700000.00, 499000.00, 1),
                                                                                                                  (90, 55, 32, 700000.00, 499000.00, 1),
                                                                                                                  (91, 55, 31, 700000.00, 499000.00, 1),
                                                                                                                  (92, 55, 77, 1860000.00, 1599000.00, 1),
                                                                                                                  (93, 55, 75, 1860000.00, 1599000.00, 1),
                                                                                                                  (94, 56, 111, 6000000.00, 4999000.00, 1),
                                                                                                                  (95, 56, 80, 1500000.00, 700000.00, 1),
                                                                                                                  (96, 57, 78, 1500000.00, 900000.00, 1),
                                                                                                                  (97, 57, 65, 1500000.00, 1299000.00, 1),
                                                                                                                  (98, 58, 2, 2500000.00, 1299000.00, 1),
                                                                                                                  (99, 58, 3, 2500000.00, 1999000.00, 1),
                                                                                                                  (100, 46, 106, 2900000.00, 1995000.00, 1),
                                                                                                                  (101, 59, 25, 1500000.00, 1399000.00, 1),
                                                                                                                  (102, 59, 33, 700000.00, 499000.00, 1),
                                                                                                                  (103, 59, 72, 1860000.00, 1599000.00, 1),
                                                                                                                  (104, 59, 63, 1500000.00, 1299000.00, 1),
                                                                                                                  (105, 59, 83, 1500000.00, 700000.00, 1),
                                                                                                                  (106, 59, 93, 1500000.00, 700000.00, 1),
                                                                                                                  (107, 60, 26, 1500000.00, 1399000.00, 1),
                                                                                                                  (108, 60, 25, 1500000.00, 1399000.00, 1),
                                                                                                                  (109, 60, 35, 700000.00, 499000.00, 1),
                                                                                                                  (110, 60, 117, 700000.00, 499000.00, 1),
                                                                                                                  (111, 60, 46, 4690000.00, 4690000.00, 1),
                                                                                                                  (112, 60, 76, 1860000.00, 1599000.00, 1),
                                                                                                                  (113, 60, 75, 1860000.00, 1599000.00, 1),
                                                                                                                  (114, 61, 24, 1299000.00, 1299000.00, 1),
                                                                                                                  (115, 62, 24, 1299000.00, 1299000.00, 1),
                                                                                                                  (116, 62, 87, 700000.00, 700000.00, 1),
                                                                                                                  (117, 63, 21, 1600000.00, 1499000.00, 1),
                                                                                                                  (118, 64, 2, 1299000.00, 1299000.00, 3),
                                                                                                                  (119, 65, 114, 700000.00, 499000.00, 1),
                                                                                                                  (120, 65, 113, 700000.00, 499000.00, 1),
                                                                                                                  (121, 66, 49, 4690000.00, 4690000.00, 1),
                                                                                                                  (122, 67, 23, 1500000.00, 1399000.00, 2),
                                                                                                                  (123, 68, 49, 4690000.00, 4690000.00, 1),
                                                                                                                  (124, 69, 22, 1600000.00, 1499000.00, 1),
                                                                                                                  (125, 70, 112, 499000.00, 499000.00, 1),
                                                                                                                  (126, 71, 83, 700000.00, 700000.00, 1),
                                                                                                                  (127, 72, 3, 2500000.00, 1999000.00, 1),
                                                                                                                  (128, 72, 2, 2500000.00, 1299000.00, 1),
                                                                                                                  (129, 72, 24, 1500000.00, 1299000.00, 1),
                                                                                                                  (130, 73, 4, 2500000.00, 1999000.00, 1),
                                                                                                                  (131, 74, 20, 1600000.00, 1499000.00, 1),
                                                                                                                  (132, 75, 4, 2500000.00, 1999000.00, 1),
                                                                                                                  (133, 76, 4, 2500000.00, 1999000.00, 1),
                                                                                                                  (134, 77, 3, 2500000.00, 1999000.00, 1),
                                                                                                                  (135, 78, 21, 1600000.00, 1499000.00, 1),
                                                                                                                  (136, 79, 4, 2500000.00, 1999000.00, 1),
                                                                                                                  (137, 80, 20, 1600000.00, 1499000.00, 1),
                                                                                                                  (138, 81, 2, 2500000.00, 1299000.00, 1),
                                                                                                                  (139, 81, 3, 2500000.00, 1999000.00, 1),
                                                                                                                  (140, 81, 20, 1600000.00, 1499000.00, 1),
                                                                                                                  (141, 82, 87, 700000.00, 700000.00, 1),
                                                                                                                  (142, 83, 49, 4690000.00, 4690000.00, 2),
                                                                                                                  (143, 83, 87, 700000.00, 700000.00, 1),
                                                                                                                  (144, 84, 49, 4690000.00, 4690000.00, 2),
                                                                                                                  (145, 84, 87, 700000.00, 700000.00, 1),
                                                                                                                  (146, 85, 112, 499000.00, 499000.00, 1),
                                                                                                                  (147, 86, 49, 4690000.00, 4690000.00, 2),
                                                                                                                  (148, 87, 87, 700000.00, 700000.00, 1),
                                                                                                                  (149, 88, 21, 1600000.00, 1499000.00, 1),
                                                                                                                  (150, 89, 24, 1500000.00, 1299000.00, 1),
                                                                                                                  (151, 90, 108, 4999000.00, 4999000.00, 1),
                                                                                                                  (152, 91, 4, 1999000.00, 1999000.00, 1),
                                                                                                                  (153, 92, 3, 2500000.00, 1999000.00, 1),
                                                                                                                  (154, 87, 20, 1600000.00, 1499000.00, 1),
                                                                                                                  (155, 87, 23, 1500000.00, 1399000.00, 1),
                                                                                                                  (156, 93, 3, 2500000.00, 1999000.00, 1),
                                                                                                                  (157, 94, 26, 1500000.00, 1399000.00, 1),
                                                                                                                  (158, 96, 3, 2500000.00, 1999000.00, 1),
                                                                                                                  (159, 97, 21, 1499000.00, 1499000.00, 1),
                                                                                                                  (160, 98, 4, 2500000.00, 1999000.00, 1),
                                                                                                                  (161, 99, 21, 1499000.00, 1499000.00, 1),
                                                                                                                  (162, 100, 49, 4690000.00, 4690000.00, 1),
                                                                                                                  (163, 101, 21, 1499000.00, 1499000.00, 1),
                                                                                                                  (164, 102, 24, 1500000.00, 1299000.00, 1),
                                                                                                                  (165, 103, 49, 4690000.00, 4690000.00, 1),
                                                                                                                  (166, 104, 118, 2900000.00, 1999000.00, 1),
                                                                                                                  (167, 105, 84, 900000.00, 900000.00, 3),
                                                                                                                  (168, 105, 103, 2599000.00, 2599000.00, 1),
                                                                                                                  (169, 106, 49, 4690000.00, 4690000.00, 1),
                                                                                                                  (170, 107, 4, 2500000.00, 1999000.00, 1),
                                                                                                                  (171, 108, 99, 1950000.00, 1950000.00, 1),
                                                                                                                  (172, 108, 83, 700000.00, 700000.00, 1),
                                                                                                                  (173, 109, 49, 4690000.00, 4690000.00, 1),
                                                                                                                  (174, 110, 2, 2500000.00, 1299000.00, 1),
                                                                                                                  (175, 111, 3, 2500000.00, 1999000.00, 1),
                                                                                                                  (176, 112, 113, 700000.00, 499000.00, 1),
                                                                                                                  (177, 113, 25, 1500000.00, 1399000.00, 1),
                                                                                                                  (178, 114, 24, 1299000.00, 1299000.00, 1),
                                                                                                                  (179, 114, 67, 1299000.00, 1299000.00, 1),
                                                                                                                  (180, 115, 67, 1299000.00, 1299000.00, 1),
                                                                                                                  (181, 115, 24, 1299000.00, 1299000.00, 1),
                                                                                                                  (182, 116, 3, 2500000.00, 1999000.00, 1),
                                                                                                                  (183, 117, 2, 2500000.00, 1299000.00, 1),
                                                                                                                  (184, 118, 3, 2500000.00, 1999000.00, 1),
                                                                                                                  (185, 119, 3, 2500000.00, 1999000.00, 1),
                                                                                                                  (186, 120, 3, 2500000.00, 1999000.00, 1),
                                                                                                                  (187, 121, 30, 1500000.00, 1399000.00, 1),
                                                                                                                  (188, 121, 35, 700000.00, 499000.00, 1),
                                                                                                                  (189, 122, 46, 4690000.00, 4690000.00, 1),
                                                                                                                  (190, 122, 117, 700000.00, 499000.00, 1),
                                                                                                                  (191, 123, 24, 1500000.00, 1299000.00, 1),
                                                                                                                  (192, 123, 65, 1500000.00, 1299000.00, 1),
                                                                                                                  (193, 123, 82, 1500000.00, 700000.00, 1),
                                                                                                                  (195, 125, 32, 499000.00, 499000.00, 1),
                                                                                                                  (196, 126, 67, 1299000.00, 1299000.00, 1),
                                                                                                                  (197, 126, 3, 2500000.00, 1999000.00, 1),
                                                                                                                  (198, 126, 2, 2500000.00, 1299000.00, 1);

INSERT INTO `khach_hang` (`id`, `ma_khach_hang`, `ho_ten`, `gioi_tinh`, `ngay_sinh`, `sdt`, `diem`, `id_hang_khach_hang`, `dia_chi_mac_dinh`, `ngay_tao`, `ngay_sua`, `nguoi_tao`, `nguoi_sua`, `trang_thai`) VALUES
                                                                                                                                                                                                                  (1, 'KH00001', 'Tẩn Láo Lù', b'1', '2001-12-22', '0866755653', 0, NULL, 16, '2024-03-15 01:28:13', '2024-04-10 14:30:26', NULL, NULL, b'1'),
                                                                                                                                                                                                                  (2, 'KH00002', 'Đặng  Anh Tuấn', b'1', '2001-12-22', '0369000658', NULL, NULL, 38, '2024-04-03 07:16:01', NULL, NULL, NULL, b'1'),
                                                                                                                                                                                                                  (3, 'KH00003', 'Trương Thiên Tân', b'1', '2001-06-19', '0954212451', NULL, NULL, 39, '2024-04-03 07:18:47', NULL, NULL, NULL, b'1'),
                                                                                                                                                                                                                  (4, 'KH00004', 'Tan Lu Thiên', b'1', '2024-04-27', '0866755656', NULL, NULL, 40, '2024-04-09 09:48:12', NULL, NULL, NULL, b'0'),
                                                                                                                                                                                                                  (5, 'KH00005', 'Đặng Anh Tuấn', b'1', '2001-12-22', '0999999999', NULL, NULL, 49, '2024-04-15 13:36:01', '2024-04-15 14:10:59', NULL, NULL, b'1');

INSERT INTO `kich_co` (`id`, `ten`, `ngay_tao`, `ngay_sua`, `nguoi_tao`, `nguoi_sua`, `trang_thai`) VALUES
                                                                                                        (1, '30', '2024-02-05 02:18:13', '2024-02-05 02:18:13', NULL, NULL, b'1'),
                                                                                                        (2, '31', '2024-02-05 02:18:17', '2024-02-05 02:18:17', NULL, NULL, b'1'),
                                                                                                        (3, '32', '2024-02-05 02:18:19', '2024-02-05 02:18:19', NULL, NULL, b'1'),
                                                                                                        (4, '33', '2024-02-05 02:18:22', '2024-02-05 02:18:22', NULL, NULL, b'1'),
                                                                                                        (5, '34', '2024-02-05 02:18:25', '2024-02-05 02:18:25', NULL, NULL, b'1'),
                                                                                                        (6, '35', '2024-02-05 02:18:28', '2024-02-05 02:18:28', NULL, NULL, b'1'),
                                                                                                        (7, '36', '2024-02-05 02:18:30', '2024-02-05 02:18:30', NULL, NULL, b'1'),
                                                                                                        (8, '37', '2024-02-05 02:18:33', '2024-02-05 02:18:33', NULL, NULL, b'1'),
                                                                                                        (9, '38', '2024-02-05 02:18:36', '2024-02-05 02:18:36', NULL, NULL, b'1'),
                                                                                                        (10, '39', '2024-02-05 02:18:38', '2024-02-05 02:18:38', NULL, NULL, b'1'),
                                                                                                        (11, '40', '2024-02-05 02:18:43', '2024-02-05 02:18:43', NULL, NULL, b'1'),
                                                                                                        (12, '41', '2024-02-05 02:18:46', '2024-02-05 02:18:46', NULL, NULL, b'1'),
                                                                                                        (13, '42', '2024-02-05 02:18:48', '2024-02-05 02:18:48', NULL, NULL, b'1');

INSERT INTO `lich_su_hoa_don` (`id`, `id_hoa_don`, `hanh_dong`, `thoi_gian`, `nguoi_thuc_hien`, `trang_thai_sau_update`) VALUES
                                                                                                                             (32, 23, 'Đơn Hàng Tạo Bởi :anonymous', '2024-04-01 12:53:34', NULL, 'ThanhCong'),
                                                                                                                             (33, 24, 'Đơn Hàng Tạo Bởi :anonymous', '2024-04-01 13:01:36', NULL, 'ThanhCong'),
                                                                                                                             (34, 25, 'Đặt đơn hàng', '2024-04-01 13:06:24', NULL, 'Chờ Xác Nhận'),
                                                                                                                             (35, 26, 'Đơn Hàng Tạo Bởi :anonymous', '2024-04-01 13:07:52', NULL, 'ThanhCong'),
                                                                                                                             (36, 27, 'Đặt đơn hàng', '2024-04-01 13:15:56', NULL, 'Chờ Xác Nhận'),
                                                                                                                             (37, 28, 'Đơn Hàng Tạo Bởi :anonymous', '2024-04-01 13:22:56', NULL, 'ThanhCong'),
                                                                                                                             (38, 29, 'Đặt đơn hàng', '2024-04-01 13:23:16', NULL, 'Chờ Xác Nhận'),
                                                                                                                             (39, 30, 'Đặt đơn hàng', '2024-04-01 14:07:05', NULL, 'Chờ Xác Nhận'),
                                                                                                                             (40, 31, 'Đặt đơn hàng', '2024-04-01 14:08:10', NULL, 'Chờ Xác Nhận'),
                                                                                                                             (41, 32, 'Đặt đơn hàng', '2024-04-01 14:59:18', NULL, 'Chờ Xác Nhận'),
                                                                                                                             (42, 33, 'Đơn Hàng Tạo Bởi :anonymous', '2024-04-01 15:01:22', NULL, 'ThanhCong'),
                                                                                                                             (43, 34, 'Đơn Hàng Tạo Bởi :anonymous', '2024-04-02 07:08:02', NULL, 'ThanhCong'),
                                                                                                                             (44, 35, 'Đơn Hàng Tạo Bởi anonymousTại Quầy.', '2024-04-03 09:22:14', NULL, 'ChoXacNhan'),
                                                                                                                             (45, 35, 'Đơn Hàng được xác nhận bởi : anonymous', '2024-04-03 09:22:14', NULL, 'ChuanBiHang'),
                                                                                                                             (46, 36, 'Đơn Hàng Tạo Bởi anonymousTại Quầy.', '2024-04-03 09:28:45', NULL, 'ChoXacNhan'),
                                                                                                                             (47, 36, 'Đơn Hàng được xác nhận bởi : anonymous', '2024-04-03 09:28:45', NULL, 'ChuanBiHang'),
                                                                                                                             (48, 37, 'Đơn Hàng Tạo Bởi anonymousTại Quầy.', '2024-04-03 09:31:10', NULL, 'ChoXacNhan'),
                                                                                                                             (49, 37, 'Đơn Hàng được xác nhận bởi : anonymous', '2024-04-03 09:31:10', NULL, 'ChuanBiHang'),
                                                                                                                             (50, 38, 'Đơn Hàng Tạo Bởi anonymousTại Quầy.', '2024-04-03 09:32:31', NULL, 'ChoXacNhan'),
                                                                                                                             (51, 38, 'Đơn Hàng được xác nhận bởi : anonymous', '2024-04-03 09:32:31', NULL, 'ChuanBiHang'),
                                                                                                                             (52, 39, 'Đơn Hàng Tạo Bởi anonymousTại Quầy.', '2024-04-03 09:36:57', NULL, 'ChoXacNhan'),
                                                                                                                             (53, 39, 'Đơn Hàng được xác nhận bởi : anonymous', '2024-04-03 09:36:57', NULL, 'ChuanBiHang'),
                                                                                                                             (54, 40, 'Đơn Hàng Tạo Bởi :anonymous', '2024-04-06 07:07:27', NULL, 'ThanhCong'),
                                                                                                                             (55, 41, 'Đơn Hàng Tạo Bởi :anonymous', '2024-04-06 08:18:17', NULL, 'ThanhCong'),
                                                                                                                             (56, 42, 'Đơn Hàng Tạo Bởi :anonymous', '2024-04-06 08:20:05', NULL, 'ThanhCong'),
                                                                                                                             (57, 43, 'Đặt đơn hàng', '2024-04-06 08:25:44', NULL, 'Chờ Xác Nhận'),
                                                                                                                             (58, 44, 'Đơn Hàng Tạo Bởi :anonymous', '2024-04-06 08:58:35', NULL, 'ThanhCong'),
                                                                                                                             (59, 45, 'Đơn Hàng Tạo Bởi :anonymous', '2024-04-06 09:11:33', NULL, 'ThanhCong'),
                                                                                                                             (60, 46, 'Đặt đơn hàng', '2024-04-06 09:13:36', NULL, 'Chờ Xác Nhận'),
                                                                                                                             (61, 47, 'Đặt đơn hàng', '2024-04-06 09:14:01', NULL, 'Chờ Xác Nhận'),
                                                                                                                             (62, 48, 'Đơn Hàng Tạo Bởi :anonymous', '2024-04-06 12:38:04', NULL, 'ThanhCong'),
                                                                                                                             (63, 49, 'Đơn Hàng Tạo Bởi :anonymous', '2024-04-06 13:40:34', NULL, 'ThanhCong'),
                                                                                                                             (64, 50, 'Đơn Hàng Tạo Bởi :anonymous', '2024-04-06 14:40:06', NULL, 'ThanhCong'),
                                                                                                                             (65, 51, 'Đơn Hàng Tạo Bởi :anonymous', '2024-04-06 14:42:53', NULL, 'ThanhCong'),
                                                                                                                             (66, 52, 'Đơn Hàng Tạo Bởi :anonymous', '2024-04-07 06:08:24', NULL, 'ThanhCong'),
                                                                                                                             (67, 53, 'Đơn Hàng Tạo Bởi :anonymous', '2024-04-07 06:09:24', NULL, 'ThanhCong'),
                                                                                                                             (68, 54, 'Đơn Hàng Tạo Bởi :anonymous', '2024-04-07 08:12:58', NULL, 'ThanhCong'),
                                                                                                                             (69, 55, 'Đơn Hàng Tạo Bởi :anonymous', '2024-04-07 13:21:42', NULL, 'ThanhCong'),
                                                                                                                             (70, 56, 'Đơn Hàng Tạo Bởi :anonymous', '2024-04-07 13:58:31', NULL, 'ThanhCong'),
                                                                                                                             (71, 57, 'Đơn Hàng Tạo Bởi :anonymous', '2024-04-07 13:59:51', NULL, 'ThanhCong'),
                                                                                                                             (72, 58, 'Đơn Hàng Tạo Bởi anonymousTại Quầy.', '2024-04-08 02:15:18', NULL, 'ChoXacNhan'),
                                                                                                                             (73, 58, 'Đơn Hàng được xác nhận bởi : anonymous', '2024-04-08 02:15:18', NULL, 'ChuanBiHang'),
                                                                                                                             (74, 46, 'Thêm sản phẩm \'SP000129\' vào hóa đơn.', '2024-04-08 02:32:24', 1, 'Chờ Xác Nhận'),
                                                                                                                             (75, 46, 'Giảm 1 sản phẩm \'SP000132\' trong hóa đơn.', '2024-04-08 02:32:34', 1, 'Chờ Xác Nhận'),
                                                                                                                             (76, 59, 'Đơn Hàng Tạo Bởi :anonymous', '2024-04-08 08:38:37', NULL, 'ThanhCong'),
                                                                                                                             (77, 60, 'Đơn Hàng Tạo Bởi :anonymous', '2024-04-08 10:12:21', NULL, 'ThanhCong'),
                                                                                                                             (78, 61, 'Đặt đơn hàng', '2024-04-08 10:13:34', NULL, 'Chờ Xác Nhận'),
                                                                                                                             (79, 62, 'Đặt đơn hàng', '2024-04-08 12:35:53', NULL, 'Chờ Xác Nhận'),
                                                                                                                             (80, 63, 'Đơn Hàng Tạo Bởi :anonymous', '2024-04-08 13:27:27', NULL, 'ThanhCong'),
                                                                                                                             (81, 64, 'Đặt đơn hàng', '2024-04-08 14:01:57', NULL, 'Chờ Xác Nhận'),
                                                                                                                             (82, 65, 'Đơn Hàng Tạo Bởi :anonymous', '2024-04-09 01:53:25', NULL, 'ThanhCong'),
                                                                                                                             (83, 66, 'Đơn Hàng Tạo Bởi :anonymous', '2024-04-09 01:54:04', NULL, 'ThanhCong'),
                                                                                                                             (84, 67, 'Đơn Hàng Tạo Bởi :anonymous', '2024-04-09 02:06:55', NULL, 'ThanhCong'),
                                                                                                                             (85, 68, 'Đặt đơn hàng', '2024-04-09 02:08:40', NULL, 'Chờ Xác Nhận'),
                                                                                                                             (86, 69, 'Đơn Hàng Tạo Bởi :anonymous', '2024-04-09 02:16:27', NULL, 'ThanhCong'),
                                                                                                                             (87, 70, 'Đặt đơn hàng', '2024-04-09 02:18:01', NULL, 'Chờ Xác Nhận'),
                                                                                                                             (88, 71, 'Đặt đơn hàng', '2024-04-09 02:20:43', NULL, 'Chờ Xác Nhận'),
                                                                                                                             (89, 72, 'Đơn Hàng Tạo Bởi :anonymous', '2024-04-09 08:58:35', NULL, 'ThanhCong'),
                                                                                                                             (90, 73, 'Đơn Hàng Tạo Bởi :anonymous', '2024-04-09 09:28:10', NULL, 'ThanhCong'),
                                                                                                                             (91, 74, 'Đơn Hàng Tạo Bởi :anonymous', '2024-04-09 09:30:43', NULL, 'ThanhCong'),
                                                                                                                             (92, 75, 'Đơn Hàng Tạo Bởi :anonymous', '2024-04-09 09:39:15', NULL, 'ThanhCong'),
                                                                                                                             (93, 76, 'Đơn Hàng Tạo Bởi :anonymous', '2024-04-09 12:27:22', NULL, 'ThanhCong'),
                                                                                                                             (94, 77, 'Đơn Hàng Tạo Bởi :anonymous', '2024-04-10 06:38:26', NULL, 'ThanhCong'),
                                                                                                                             (95, 78, 'Đơn Hàng Tạo Bởi :anonymous', '2024-04-10 08:42:15', NULL, 'ThanhCong'),
                                                                                                                             (96, 79, 'Đơn Hàng Tạo Bởi :anonymous', '2024-04-10 08:42:58', NULL, 'ThanhCong'),
                                                                                                                             (97, 80, 'Đơn Hàng Tạo Bởi :anonymous', '2024-04-10 09:19:49', NULL, 'ThanhCong'),
                                                                                                                             (98, 81, 'Đơn Hàng Tạo Bởi :anonymous', '2024-04-12 01:09:12', NULL, 'ThanhCong'),
                                                                                                                             (99, 82, 'Đặt đơn hàng', '2024-04-12 01:38:38', NULL, 'Chờ Xác Nhận'),
                                                                                                                             (100, 83, 'Đặt đơn hàng', '2024-04-12 01:58:40', NULL, 'Chờ Xác Nhận'),
                                                                                                                             (101, 84, 'Đặt đơn hàng', '2024-04-12 02:07:15', NULL, 'Chờ Xác Nhận'),
                                                                                                                             (102, 85, 'Đặt đơn hàng', '2024-04-12 02:12:35', NULL, 'Chờ Xác Nhận'),
                                                                                                                             (103, 86, 'Đặt đơn hàng', '2024-04-12 02:28:57', NULL, 'Chờ Xác Nhận'),
                                                                                                                             (104, 87, 'Đặt đơn hàng', '2024-04-12 02:31:23', NULL, 'Chờ Xác Nhận'),
                                                                                                                             (105, 88, 'Đơn Hàng Tạo Bởi :anonymous', '2024-04-12 02:40:06', NULL, 'ThanhCong'),
                                                                                                                             (106, 89, 'Đơn Hàng Tạo Bởi :anonymous', '2024-04-12 02:54:57', NULL, 'ThanhCong'),
                                                                                                                             (107, 90, 'Đặt đơn hàng', '2024-04-12 08:19:38', NULL, 'Chờ Xác Nhận'),
                                                                                                                             (108, 91, 'Đặt đơn hàng', '2024-04-12 08:20:18', NULL, 'Chờ Xác Nhận'),
                                                                                                                             (109, 91, 'Thay đổi trạng thái từ: Chờ Xác Nhận -> Chuẩn Bị Hàng', '2024-04-12 08:25:38', NULL, 'Chuẩn Bị Hàng'),
                                                                                                                             (110, 91, 'Thay đổi trạng thái từ: Chuẩn Bị Hàng -> Chờ Giao', '2024-04-12 08:25:40', NULL, 'Chờ Giao'),
                                                                                                                             (111, 91, 'Thay đổi trạng thái từ: Chờ Giao -> Đang Giao', '2024-04-12 08:28:37', NULL, 'Đang Giao'),
                                                                                                                             (112, 92, 'Đơn Hàng Tạo Bởi :anonymous', '2024-04-12 08:33:47', NULL, 'Thành Công'),
                                                                                                                             (113, 90, 'Thay đổi trạng thái từ: Chờ Xác Nhận -> Chuẩn Bị Hàng', '2024-04-12 08:35:09', NULL, 'Chuẩn Bị Hàng'),
                                                                                                                             (114, 90, 'Thay đổi trạng thái từ: Chuẩn Bị Hàng -> Chờ Giao', '2024-04-12 08:35:26', NULL, 'Chờ Giao'),
                                                                                                                             (115, 83, 'Thay đổi trạng thái từ: Chờ Xác Nhận -> Chuẩn Bị Hàng', '2024-04-12 08:44:58', NULL, 'Chuẩn Bị Hàng'),
                                                                                                                             (116, 83, 'Thay đổi trạng thái từ: Chuẩn Bị Hàng -> Chờ Giao', '2024-04-12 08:45:00', NULL, 'Chờ Giao'),
                                                                                                                             (117, 83, 'Thay đổi trạng thái từ: Chờ Giao -> Đang Giao', '2024-04-12 08:45:02', NULL, 'Đang Giao'),
                                                                                                                             (118, 83, 'Thay đổi trạng thái từ: Đang Giao -> Thành Công', '2024-04-12 08:45:04', NULL, 'Thành Công'),
                                                                                                                             (119, 87, 'Thêm sản phẩm \'SP000126\' vào hóa đơn.', '2024-04-12 08:50:13', 1, 'Chờ Xác Nhận'),
                                                                                                                             (120, 87, 'Thêm sản phẩm \'SP000133\' vào hóa đơn.', '2024-04-12 08:50:48', 1, 'Chờ Xác Nhận'),
                                                                                                                             (121, 87, 'Thay đổi trạng thái từ: Chờ Xác Nhận -> Chuẩn Bị Hàng', '2024-04-12 08:53:48', NULL, 'Chuẩn Bị Hàng'),
                                                                                                                             (122, 87, 'Thay đổi trạng thái từ: Chuẩn Bị Hàng -> Chờ Giao', '2024-04-12 08:54:01', NULL, 'Chờ Giao'),
                                                                                                                             (123, 86, 'Thay đổi trạng thái từ: Chờ Xác Nhận -> Chuẩn Bị Hàng', '2024-04-12 08:56:41', NULL, 'Chuẩn Bị Hàng'),
                                                                                                                             (124, 86, 'Giảm 1 sản phẩm \'SP000096\' trong hóa đơn.', '2024-04-12 08:56:45', NULL, 'Chuẩn Bị Hàng'),
                                                                                                                             (125, 86, 'Tăng 1 sản phẩm \'SP000096\' vào hóa đơn.', '2024-04-12 08:56:48', NULL, 'Chuẩn Bị Hàng'),
                                                                                                                             (126, 70, 'Thay đổi trạng thái từ: Chờ Xác Nhận -> Chuẩn Bị Hàng', '2024-04-12 09:01:54', NULL, 'Chuẩn Bị Hàng'),
                                                                                                                             (127, 85, 'Thay đổi trạng thái từ: Chờ Xác Nhận -> Chuẩn Bị Hàng', '2024-04-12 09:13:52', NULL, 'Chuẩn Bị Hàng'),
                                                                                                                             (128, 85, 'Thay đổi trạng thái từ: Chuẩn Bị Hàng -> Chờ Giao', '2024-04-12 09:13:54', NULL, 'Chờ Giao'),
                                                                                                                             (129, 93, 'Đơn Hàng Tạo Bởi :anonymous', '2024-04-12 13:35:00', NULL, 'Thành Công'),
                                                                                                                             (130, 94, 'Đơn Hàng Tạo Bởi :anonymous', '2024-04-12 14:39:20', NULL, 'Thành Công'),
                                                                                                                             (131, 96, 'Đơn Hàng Tạo Bởi Trương Vô KỵTại Quầy.', '2024-04-14 14:02:56', 6, 'Chờ Xác Nhận'),
                                                                                                                             (132, 96, 'Đơn Hàng được xác nhận bởi : Trương Vô Kỵ', '2024-04-14 14:02:56', 6, 'Chuẩn Bị Hàng'),
                                                                                                                             (133, 97, 'Đặt đơn hàng', '2024-04-14 14:07:25', NULL, 'Chờ Xác Nhận'),
                                                                                                                             (134, 97, 'Thay đổi trạng thái từ: Chờ Xác Nhận -> Chuẩn Bị Hàng', '2024-04-14 14:08:02', 6, 'Chuẩn Bị Hàng'),
                                                                                                                             (135, 97, 'Hoàn tác trạng thái về: Chờ Xác Nhận', '2024-04-14 14:08:15', 6, 'Chờ Xác Nhận'),
                                                                                                                             (136, 97, 'Thay đổi trạng thái từ: Chờ Xác Nhận -> Chuẩn Bị Hàng', '2024-04-14 14:08:49', 6, 'Chuẩn Bị Hàng'),
                                                                                                                             (137, 98, 'Đơn Hàng Tạo Bởi Trương Vô KỵTại Quầy.', '2024-04-14 14:26:39', 6, 'Chờ Xác Nhận'),
                                                                                                                             (138, 98, 'Đơn Hàng được xác nhận bởi : Trương Vô Kỵ', '2024-04-14 14:26:40', 6, 'Chuẩn Bị Hàng'),
                                                                                                                             (139, 99, 'Đặt đơn hàng', '2024-04-14 14:28:52', NULL, 'Chờ Xác Nhận'),
                                                                                                                             (140, 99, 'Thay đổi trạng thái từ: Chờ Xác Nhận -> Chuẩn Bị Hàng', '2024-04-14 14:30:03', 6, 'Chuẩn Bị Hàng'),
                                                                                                                             (141, 100, 'Đặt đơn hàng', '2024-04-14 14:31:07', NULL, 'Chờ Xác Nhận'),
                                                                                                                             (142, 101, 'Đặt đơn hàng', '2024-04-14 14:33:09', NULL, 'Chờ Xác Nhận'),
                                                                                                                             (143, 102, 'Đơn Hàng Tạo Bởi Trương Vô KỵTại Quầy.', '2024-04-14 14:49:40', 6, 'Chờ Xác Nhận'),
                                                                                                                             (144, 102, 'Đơn Hàng được xác nhận bởi : Trương Vô Kỵ', '2024-04-14 14:49:40', 6, 'Chuẩn Bị Hàng'),
                                                                                                                             (145, 103, 'Đặt đơn hàng', '2024-04-14 14:51:23', NULL, 'Chờ Xác Nhận'),
                                                                                                                             (146, 104, 'Đơn Hàng Tạo Bởi Trương Vô KỵTại Quầy.', '2024-04-14 15:14:29', 6, 'Chờ Xác Nhận'),
                                                                                                                             (147, 104, 'Đơn Hàng được xác nhận bởi : Trương Vô Kỵ', '2024-04-14 15:14:29', 6, 'Chuẩn Bị Hàng'),
                                                                                                                             (148, 105, 'Đặt đơn hàng', '2024-04-14 15:23:34', NULL, 'Chờ Xác Nhận'),
                                                                                                                             (149, 106, 'Đặt đơn hàng', '2024-04-14 15:26:02', NULL, 'Chờ Xác Nhận'),
                                                                                                                             (150, 107, 'Đơn Hàng Tạo Bởi Trương Vô KỵTại Quầy.', '2024-04-14 16:05:22', 6, 'Chờ Xác Nhận'),
                                                                                                                             (151, 107, 'Đơn Hàng được xác nhận bởi : Trương Vô Kỵ', '2024-04-14 16:05:22', 6, 'Chuẩn Bị Hàng'),
                                                                                                                             (152, 108, 'Đặt đơn hàng', '2024-04-14 16:08:30', NULL, 'Chờ Xác Nhận'),
                                                                                                                             (153, 109, 'Đặt đơn hàng', '2024-04-14 16:10:13', NULL, 'Chờ Xác Nhận'),
                                                                                                                             (154, 109, 'Thay đổi trạng thái từ: Chờ Xác Nhận -> Chuẩn Bị Hàng', '2024-04-14 16:11:50', 6, 'Chuẩn Bị Hàng'),
                                                                                                                             (155, 110, 'Đơn Hàng Tạo Bởi :Đặng Anh Tuấn', '2024-04-15 14:29:54', 9, 'Thành Công'),
                                                                                                                             (156, 111, 'Đơn Hàng Tạo Bởi Đặng Anh TuấnTại Quầy.', '2024-04-15 14:30:05', 9, 'Chờ Xác Nhận'),
                                                                                                                             (157, 111, 'Đơn Hàng được xác nhận bởi : Đặng Anh Tuấn', '2024-04-15 14:30:05', 9, 'Chuẩn Bị Hàng'),
                                                                                                                             (158, 112, 'Đơn Hàng Tạo Bởi Đặng Anh TuấnTại Quầy.', '2024-04-15 15:46:24', 9, 'Chờ Xác Nhận'),
                                                                                                                             (159, 112, 'Đơn Hàng được xác nhận bởi : Đặng Anh Tuấn', '2024-04-15 15:46:24', 9, 'Chuẩn Bị Hàng'),
                                                                                                                             (160, 113, 'Đơn Hàng Tạo Bởi :Đặng Anh Tuấn', '2024-04-15 15:46:47', 9, 'Thành Công'),
                                                                                                                             (161, 114, 'Đặt đơn hàng', '2024-04-15 15:52:20', NULL, 'Chờ Xác Nhận'),
                                                                                                                             (162, 114, 'Thay đổi trạng thái từ: Chờ Xác Nhận -> Chuẩn Bị Hàng', '2024-04-15 15:53:44', 9, 'Chuẩn Bị Hàng'),
                                                                                                                             (163, 115, 'Đặt đơn hàng', '2024-04-15 16:01:03', NULL, 'Chờ Xác Nhận'),
                                                                                                                             (164, 115, 'Thay đổi trạng thái từ: Chờ Xác Nhận -> Chuẩn Bị Hàng', '2024-04-15 16:02:56', 9, 'Chuẩn Bị Hàng'),
                                                                                                                             (165, 115, 'Thay đổi trạng thái từ: Chuẩn Bị Hàng -> Chờ Giao', '2024-04-18 06:59:18', 9, 'Chờ Giao'),
                                                                                                                             (166, 115, 'Thay đổi trạng thái từ: Chờ Giao -> Đang Giao', '2024-04-18 06:59:22', 9, 'Đang Giao'),
                                                                                                                             (167, 115, 'Thay đổi trạng thái từ: Đang Giao -> Thành Công', '2024-04-18 06:59:27', 9, 'Thành Công'),
                                                                                                                             (168, 114, 'Thay đổi trạng thái từ: Chuẩn Bị Hàng -> Chờ Giao', '2024-04-18 06:59:40', 9, 'Chờ Giao'),
                                                                                                                             (169, 114, 'Thay đổi trạng thái từ: Chờ Giao -> Đang Giao', '2024-04-18 06:59:46', 9, 'Đang Giao'),
                                                                                                                             (170, 108, 'Thay đổi trạng thái từ: Chờ Xác Nhận -> Chuẩn Bị Hàng', '2024-04-18 07:00:09', 9, 'Chuẩn Bị Hàng'),
                                                                                                                             (171, 108, 'Thay đổi trạng thái từ: Chuẩn Bị Hàng -> Chờ Giao', '2024-04-18 07:00:16', 9, 'Chờ Giao'),
                                                                                                                             (172, 116, 'Đơn Hàng Tạo Bởi Đặng Anh TuấnTại Quầy.', '2024-04-18 07:01:37', 9, 'Chờ Xác Nhận'),
                                                                                                                             (173, 116, 'Đơn Hàng được xác nhận bởi : Đặng Anh Tuấn', '2024-04-18 07:01:37', 9, 'Chuẩn Bị Hàng'),
                                                                                                                             (174, 117, 'Đơn Hàng Tạo Bởi :Đặng Anh Tuấn', '2024-04-18 07:04:38', 9, 'Thành Công'),
                                                                                                                             (175, 118, 'Đơn Hàng Tạo Bởi :Đặng Anh Tuấn', '2024-04-18 07:06:45', 9, 'Thành Công'),
                                                                                                                             (176, 119, 'Đơn Hàng Tạo Bởi :Đặng Anh Tuấn', '2024-04-18 07:08:09', 9, 'Thành Công'),
                                                                                                                             (177, 120, 'Đơn Hàng Tạo Bởi :Đặng Anh Tuấn', '2024-04-18 07:11:10', 9, 'Thành Công'),
                                                                                                                             (178, 121, 'Đơn Hàng Tạo Bởi :Đặng Anh Tuấn', '2024-04-18 07:19:57', 9, 'Thành Công'),
                                                                                                                             (179, 122, 'Đơn Hàng Tạo Bởi :Đặng Anh Tuấn', '2024-04-18 07:20:23', 9, 'Thành Công'),
                                                                                                                             (180, 123, 'Đơn Hàng Tạo Bởi :Đặng Anh Tuấn', '2024-04-18 07:29:45', 9, 'Thành Công'),
                                                                                                                             (182, 125, 'Đặt đơn hàng', '2024-04-18 11:55:14', NULL, 'Chờ Xác Nhận'),
                                                                                                                             (183, 126, 'Đặt đơn hàng', '2024-04-18 11:57:30', NULL, 'Chờ Xác Nhận'),
                                                                                                                             (184, 126, 'Thêm sản phẩm \'SP000084\' vào hóa đơn.', '2024-04-18 12:09:40', 9, 'Chờ Xác Nhận'),
                                                                                                                             (185, 126, 'Thêm sản phẩm \'SP000119\' vào hóa đơn.', '2024-04-18 12:14:20', 9, 'Chờ Xác Nhận'),
                                                                                                                             (186, 112, 'Lý Do: Tôi muốn cập nhật địa chỉ/sđt nhận hàng.', '2024-04-19 06:33:27', 9, 'Hủy');

INSERT INTO `mau_sac` (`id`, `ten`, `ma_mau_sac`, `ngay_tao`, `ngay_sua`, `nguoi_tao`, `nguoi_sua`, `trang_thai`) VALUES
                                                                                                                      (1, 'Màu Đen', '#000000', '2024-02-05 02:17:10', NULL, NULL, NULL, b'1'),
                                                                                                                      (2, 'Màu Trắng', '#FFFFFF', '2024-02-05 02:17:21', NULL, NULL, NULL, b'1'),
                                                                                                                      (3, 'Màu Vàng', '#66FF00', '2024-02-05 03:02:34', NULL, NULL, NULL, b'1'),
                                                                                                                      (4, 'Màu Đỏ', '#FF0000', '2024-02-13 10:35:40', '2024-04-15 13:33:28', NULL, NULL, b'1'),
                                                                                                                      (5, 'Màu Xám', '#808080', '2024-02-13 10:38:12', NULL, NULL, NULL, b'1'),
                                                                                                                      (6, 'Xanh Dương', '#734DFF', '2024-02-20 14:35:16', NULL, NULL, NULL, b'1'),
                                                                                                                      (7, 'Màu Hồng', '#EA99E7', '2024-02-20 14:38:31', NULL, NULL, NULL, b'1'),
                                                                                                                      (8, 'Màu Cam', '#96D56C', '2024-02-22 14:31:51', NULL, NULL, NULL, b'1');

INSERT INTO `mui_giay` (`id`, `ten`, `ngay_tao`, `ngay_sua`, `nguoi_tao`, `nguoi_sua`, `trang_thai`) VALUES
                                                                                                         (1, 'Mũi Nhọn', '2024-02-05 02:16:19', '2024-02-05 02:16:19', NULL, NULL, b'1'),
                                                                                                         (2, 'Mũi Tròn', '2024-02-05 08:15:42', '2024-02-05 08:15:42', NULL, NULL, b'1');

INSERT INTO `nhan_vien` (`id`, `ma_nhan_vien`, `id_chuc_vu`, `ho_ten`, `gioi_tinh`, `ngay_sinh`, `so_nha`, `phuong_xa`, `quan_huyen`, `tinh_thanh_pho`, `sdt`, `cccd`, `ngay_tao`, `ngay_sua`, `nguoi_tao`, `nguoi_sua`, `trang_thai`) VALUES
                                                                                                                                                                                                                                           (1, 'NV00001', 1, 'Đặng Anh Tuấn', b'1', '2001-12-22', '24 Thượng Đình', 'Phường Đồng Xuân', 'Quận Hoàn Kiếm', 'Hà Nội', '0369000658', '010201006956', '2024-03-28 09:10:38', NULL, NULL, NULL, b'1'),
                                                                                                                                                                                                                                           (2, 'NV00002', 1, 'Trương Vô Kỵ', b'1', '2024-03-13', '24 Thượng Đình', 'Phường Mai Dịch', 'Quận Cầu Giấy', 'Hà Nội', '0369000652', '010201006954', '2024-04-14 11:51:23', NULL, NULL, NULL, b'1'),
                                                                                                                                                                                                                                           (3, 'NV00003', 1, 'Tẩn Láo Lù', b'1', '2024-04-03', '12', 'Phường Đằng Lâm', 'Quận Hải An', 'Hải Phòng', '0126546549', '010201006953', '2024-04-14 11:57:27', NULL, NULL, NULL, b'1'),
                                                                                                                                                                                                                                           (4, 'NV00004', 2, 'Lý Thu Thủy', b'0', '2001-03-08', '24 Thượng Đình', 'Phường Máy Tơ', 'Quận Ngô Quyền', 'Hải Phòng', '0865245125', '010201006912', '2024-04-15 09:26:50', NULL, NULL, NULL, b'1'),
                                                                                                                                                                                                                                           (5, 'NV00005', 3, 'Đặng Anh Tuấn', b'1', '2001-12-22', '24 Thượng Đình', 'Phường Hàng Mã', 'Quận Hoàn Kiếm', 'Hà Nội', '0866755653', '010201006951', '2024-04-15 13:34:57', NULL, NULL, NULL, b'1'),
                                                                                                                                                                                                                                           (6, 'NV00006', 2, 'Lý Thu Thủy', b'0', '2024-04-16', '24 Thượng Đình', 'Phường Lam Sơn', 'Quận Lê Chân', 'Hải Phòng', '0945135871', '010201006126', '2024-04-18 09:20:12', NULL, NULL, NULL, b'1'),
                                                                                                                                                                                                                                           (7, 'NV00007', 3, 'Tẩn Láo Lù', b'1', '2024-04-03', '12', 'Phường Thạnh Lộc', 'Quận 12', 'TP HCM', '0866755653', '010201006938', '2024-04-18 11:35:49', NULL, NULL, NULL, b'1');


INSERT INTO `quan_tri` (`id`, `banner1`, `title1`, `mo_ta1`, `banner2`, `title2`, `mo_ta2`, `san_pham1`, `title_sp1`, `san_pham2`, `title_sp2`, `san_pham3`, `title_sp3`, `san_pham_sale`, `title_sp_sale`, `thoi_gian_sale`) VALUES
    (1, '/assets/customer/img/hero/banner1.png', 'Bộ sưu tập Thu-Đông 2030', 'Một nhãn hiệu chuyên tạo ra những sản phẩm thiết yếu sang trọng. Được tạo ra một cách có đạo đức với một thái độ kiên định\n cam kết chất lượng vượt trội.', '/assets/customer/img/hero/banner2.png', 'Bộ sưu tập Xuân-Hạ 2030', 'Một nhãn hiệu chuyên tạo ra những sản phẩm thiết yếu sang trọng. Được tạo ra một cách có đạo đức với một thái độ kiên định\n cam kết chất lượng vượt trội.', NULL, 'Bộ sưu tập giày 2030', NULL, 'Giày Xuân 2030', NULL, 'Phụ kiện', NULL, 'Giày thể thao đơn giản', '2024-05-10 22:59:22');

INSERT INTO `san_pham` (`id`, `id_thuong_hieu`, `id_the_loai`, `ten`, `ngay_tao`, `ngay_sua`, `nguoi_tao`, `nguoi_sua`, `trang_thai`, `mo_ta`) VALUES
                                                                                                                                                   (1, 1, 1, 'Chuck 70 AT-CX', '2024-02-05 02:13:26', '2024-04-17 08:04:58', NULL, NULL, b'1', '<h2>CHUCK 70 AT-CX PLATFORM - PRODUCT DETAILS</h2><p>NEXT-LEVEL TRAILBLAZER</p><p>The Chuck 70 AT-CX takes the best-ever design you know and love to new heights, with new purpose. Made for outdoor runners, the Chuck 70 AT-CX merges performance and comfort features to help you cover more ground than ever. A higher, platform midsole and CX foam cushioning provide all-day comfort wherever your route takes you. The silhouette maintains the classic Chuck 70 look, while a durable Bosey toe and rugged, new traction outsole encourage you to explore daringly, without leaving style in the dust.</p><p>Features And Benefits</p><p>High-top platform with cotton canvas upper</p><p>CX foam cushioning for all-day comfort</p><p>Bosey toe for added durability</p><p>Diamond lugged outsole for added grip</p><p>Classic Chuck 70 details: Debossed vintage star ankle p</p>'),
                                                                                                                                                   (3, 1, 1, 'Air Jordan 1 Low', '2024-02-05 08:20:00', '2024-02-29 15:01:01', NULL, NULL, b'1', '<p><strong>Tổng quan:</strong></p><ul><li>Phiên bản Air Jordan 1 cổ thấp dành riêng cho chơi golf với thiết kế lấy cảm hứng từ quốc kỳ Hoa Kỳ.</li><li>Phối màu “USA” nổi bật với gam màu đỏ,&nbsp;trắng và xanh dương.</li><li>Chất liệu cao cấp mang lại sự thoải mái và độ bền cao.</li></ul><p><strong>Đặc điểm:</strong></p><ul><li>Phần trên bằng da tổng hợp cao cấp,&nbsp;chống thấm nước.</li><li>Logo Swoosh màu trắng được thêu tỉ mỉ trên hai bên thân giày.</li><li>Logo Jumpman dập nổi trên lưỡi gà và gót giày.</li><li>Lớp lót bằng vải dệt mềm mại,&nbsp;thoáng khí.</li><li>Đế giữa bằng Phylon cho khả năng đệm êm ái.</li><li>Đế ngoài cao su với thiết kế đặc biệt dành cho chơi golf,&nbsp;tăng cường độ bám và chống trượt.</li></ul><h3>Thông tin sản phẩm Giày Air Jordan 1 Low Golf ‘USA’</h3><p><strong>Thương hiệu:</strong><span style="color: rgb(40, 40, 40);">Air Jordan&nbsp;</span></p><p><br></p>'),
                                                                                                                                                   (4, 3, 2, 'Jordan Max Aura 5', '2024-02-05 13:46:48', '2024-04-12 03:01:53', NULL, NULL, b'1', '<p>sdfsdfs</p>'),
                                                                                                                                                   (5, 3, 1, 'Nike Full Force Low White', '2024-02-13 08:11:07', '2024-03-06 08:07:56', NULL, NULL, b'1', '<p>A new shoe with old-school appeal—your retro dreams just came true. This pared-back design references the classic AF-1, then leans into \'80s style with throwback stitching and varsity-inspired colours. Not everything has to be a throwback, though—modern comfort and durability make them easy to wear any time, anywhere. Time to throw them on and go full force.</p><ul><li>Colour Shown: White/Black/Sail/University Gold</li><li>Style: FB1362-103</li></ul><p><br></p>'),
	(6, 4, 1, 'Vans Style 36 “Marshmallow” Dress Blue', '2024-02-14 07:53:12', '2024-03-07 13:23:17', NULL, NULL, b'1', '<p>Vans Style 36 "Marshmallow" Dress Blue</p><p>Màu sắc: Trắng ngà</p><p>Giới tính: Men/Women</p><p>Chất liệu: Da lộn mix vải canvas</p><p>Phụ kiện đi kèm: Box, túi vải</p><p>Chế độ bảo hành: Không hỗ trợ bảo hành với sản phầm order nước ngoài</p><p>Đặt hàng trực tiếp trên website hoặc liên hệ LightBee để được tư vấn và sở hữu ngay sản phẩm<a href="https://www.wear.com.vn/all-shoes-vans" rel="noopener noreferrer" target="_blank" style="color: rgb(87, 84, 84);">&nbsp;giày Vans chính hãng</a>&nbsp;&nbsp;này bạn nhé!</p><p>Nguồn:&nbsp;<a href="https://www.wear.com.vn/" rel="noopener noreferrer" target="_blank" style="color: rgb(87, 84, 84);">https://www.wear.com.vn/</a></p>'),
	(9, 3, 2, 'Luka 2', '2024-02-19 07:20:48', '2024-02-20 14:42:11', NULL, NULL, b'1', '<p><strong>Đặc điểm nổi bật:</strong></p><ul><li><strong>Màu sắc cổ điển:</strong>&nbsp;Thân giày màu kem sữa kết hợp với các điểm nhấn màu đen tạo nên vẻ ngoài thanh lịch và sang trọng.</li><li><strong>Chất liệu bền bỉ:</strong>&nbsp;Mặt lưới dệt thoáng khí đảm bảo sự thoải mái trong khi chơi bóng, lớp phủ overlays gia cố hỗ trợ tăng cường độ bền.</li><li><strong>Hỗ trợ tối ưu:</strong>&nbsp;Đế giữa được trang bị công nghệ Zoom Air Strobel, mang lại khả năng đàn hồi và giảm chấn vượt trội.</li><li><strong>Kiểu dáng thanh thoát:</strong>&nbsp;Kiểu dáng thanh thoát, ôm vừa vặn giúp bạn di chuyển linh hoạt và thoải mái.</li><li><strong>Độ bám tốt:</strong>&nbsp;Đế giày bằng cao su bền bỉ với các rãnh dọc cho độ bám tốt trên nhiều bề mặt khác nhau.</li></ul><p><strong>Giày Bóng rổ Nike Jordan Luka 2 PF Doncic ‘Coconut Milk’ DX9012-100 là lựa chọn hoàn hảo cho:</strong></p><ul><li>Các cầu thủ bóng rổ chuyên nghiệp, những người tìm kiếm một đôi giày mang lại hiệu suất tối ưu.</li><li>Những'),
	(13, 3, 2, 'Giày Sneaker Trẻ Em Nike Revolution 7', '2024-02-20 06:37:14', '2024-03-16 14:40:24', NULL, NULL, b'1', '<p>ưefdsdf</p>'),
	(14, 1, 5, 'Men\'s Golf Shoes', '2024-02-20 12:54:22', '2024-02-20 14:36:34', NULL, NULL, b'1', '<p><span style="color: rgb(85, 85, 85);">Bộ sưu tập giày chơi golf&nbsp;</span><strong style="color: rgb(85, 85, 85);">ZERØGRAND OVERTAKE GOLF WR</strong><span style="color: rgb(85, 85, 85);">&nbsp;đế hybrid mang phong cách sneaker sang trọng, tích hợp công nghệ&nbsp;</span><strong style="color: rgb(85, 85, 85);">GRANDFØAM&nbsp;</strong><span style="color: rgb(85, 85, 85);">mang đến sự thoải mái, linh hoạt cho gôn thủ suốt ngày dài. Mũ giày bằng vải lưới co giãn, ôm khít, vừa vặn với khuôn chân, mang lại cảm giác vừa vặn, thoải mái. Lớp da phía trong có khả năng chống thấm nước, giữ cho đôi chân người chơi luôn khô thoáng. Đế ngoài phú đinh hybrid hiệu suất cao, tạo độ bám chắc chắn cho từng chuyển động xoay người đánh bóng.</span></p><ul><li>Thiết kế tăng hiệu suất cho những cú xoay người đánh bóng</li><li>Kết cấu vải lưới co giãn, vừa vặn và lớp lót phía trong giữ cho đôi chân luôn khô thoáng</li><li>Đệm đế giữa GRANDFØAM êm ái, tạo cảm giác thoải mái cho gôn thủ ngay cuộc chơi kéo '),
	(16, 3, 5, 'Giày Sneaker Nữ Nike Gamma Force', '2024-02-22 14:28:06', '2024-03-27 13:30:10', NULL, NULL, b'1', '<p><strong style="color: rgb(27, 27, 27);">GIÀY THỜI TRANG NỮ NIKE GAMMA FORCE</strong></p><p><span style="color: rgb(27, 27, 27);">Sự kết hợp của phong cách và sự thoải mái được tích hợp trong đôi giày Nike Gramma Force. Gamma kết hợp da lộn với da thật và da tổng hợp để tạo nên một diện mạo mới cho phiên bản AF-1 cổ điển. Các điểm nhấn Nike Grind trên đế ngoài và một chiếc kẹp nhựa bóng ở phần gót tạo nên những chi tiết hiện đại để mang lại cho Gamma Force một màu sắc của riêng nó.</span></p><p><strong>THÔNG SỐ</strong></p><ul><li>Đệm xốp</li><li>Đế giày cao su</li><li>Các lớp da và lưới tăng thêm độ bền và giúp phù hợp với mọi trang phục</li><li>Phần đế được thiết kế tinh tế giúp tăng chiều cao cho bạn</li><li>Các điểm nhấn cao su của Nike Grind chứa ít nhất 5% thành phần tái chế</li><li>Mã sản phẩm: DX9176-102</li></ul><p><br></p>'),
	(17, 3, 2, 'Giày Sneaker Nam Nike Full Force Low', '2024-02-22 14:45:43', '2024-02-22 14:47:45', NULL, NULL, b'1', '<p><strong style="color: rgb(27, 27, 27);">GIÀY SNEAKER NAM NIKE FULL FORCE LOW - TRẮNG</strong></p><p><span style="color: rgb(27, 27, 27);">Nike Full Force Low đưa bạn trở về thời đại của những đôi giày sneakers đơn giản, mạnh mẽ, nơi chất lượng và phong cách vượt thời gian lên ngôi. Đây là một đôi giày hoàn hảo giúp bạn cảm nhận sự ôm chân êm ái, bùng nổ năng lượng trong từng bước di chuyển, và để dấu ấn cá tính trên mọi con đường.</span></p><p><strong>THÔNG SỐ</strong></p><ul><li>Phần trên bằng da thật cao cấp, mềm mại và bền bỉ</li><li>Đế giữa bằng foam êm ái, nâng niu từng bước chân</li><li>Đế ngoài cao su bền bỉ, bám sân tuyệt vời:</li><li>Mã sản phẩm: FB1362-101</li></ul>'),
	(18, 1, 5, 'Air Force 1’07 LX ‘Bling’', '2024-02-22 14:49:13', '2024-02-22 14:51:38', NULL, NULL, b'1', '<p><span style="background-color: transparent; color: rgb(0, 0, 0);">Giới thiệu chung:</span></p><p><span style="background-color: transparent; color: rgb(0, 0, 0);">&nbsp;&nbsp;Giày Nike Air Force 1 Low \'07 LX \'Bling\'&nbsp;là mẫu giày nằm trong dòng sản phẩm Nike Air Force 1 của thương hiệu nổi tiếng trong lĩnh vực trang phục thể thao. Thương hiệu này chính thức ra mắt dòng sản phẩm Nike Air Force 1 do nhà thiết kế Bruce Kilgore sáng chế vào năm 1982 và Nike Air Force 1 đã nhanh chóng tạo nên “cơn sốt” sau khi ra mắt. bắt đầu. Cho đến nay, Nike AF1 vẫn chưa có dấu hiệu “hạ nhiệt” và vẫn là sự lựa chọn hàng đầu của các tín đồ thời trang.&nbsp;</span></p><p><br></p><p><span style="background-color: transparent; color: rgb(0, 0, 0);">Thương hiệu: Nike</span></p><p><span style="background-color: transparent; color: rgb(0, 0, 0);">Mã sản phẩm: CZ8101 100</span></p><p><span style="background-color: transparent; color: rgb(0, 0, 0);">Giới tính: Unisex</span></p><p><span style="background-co'),
	(19, 5, 2, 'STAN SMITH', '2024-02-22 14:52:37', '2024-02-25 15:25:42', NULL, NULL, b'1', '<h2>Workout clothes, for any sport</h2><p>adidas designs for and with athletes of all kinds. Creators, who love to change the game. Challenge conventions. Break the rules and define new ones. Then break them again. We supply teams and individuals with athletic clothing pre-match. To stay focussed. We design sports apparel that get you to the finish line. To win the match. We support women, with bras and tights made for purpose. From low to high support. Maximum comfort. We design, innovate and itterate. Testing new technologies in action. On the pitch, the tracks, the court, the pool. Retro workout clothes inspire new streetwear essentials. Like NMD, Ozweego and our Firebird tracksuits. Classic sports models are brought back to life. Like Stan Smith. And Superstar. Now seen on the streets and the stages.</p><p><br></p><p>Through our collections we blur the borders between high fashion and high performance. Like our adidas by Stella McCartney athletic clothing collection – designed to</p>'),
	(21, 5, 5, 'Giày Sneaker Nữ Fila Court Deluxe Bold', '2024-02-25 16:38:07', '2024-03-04 12:20:32', NULL, NULL, b'1', '<p><strong style="color: rgb(27, 27, 27);">GIÀY SNEAKER NỮ FILA COURT DELUXE BOLD - TRẮNG</strong></p><p><span style="color: rgb(27, 27, 27);">Đưa phong cách thời trang của bạn lên một tầm cao mới với Giày Sneaker Nữ Fila Court Deluxe Bold. Sự kết hợp hoàn hảo giữa thiết kế cổ điển và chất liệu hiện đại, đôi giày này mang đến vẻ ngoài thanh lịch, dễ dàng chuyển đổi từ những buổi đi chơi thường ngày sang các hoạt động thể thao năng động.</span></p><p><span style="color: rgb(27, 27, 27);">"Court Deluxe" là biểu tượng lấy cảm hứng từ bộ môn tennis, nhấn mạnh triết lý độc đáo của FILA "SẠCH, ĐƠN GIẢN, ĐẲNG CẤP" và tái hiện xu hướng những năm 90. Với thiết kế tinh tế, đôi giày này dễ dàng phối hợp với nhiều trang phục, giúp bạn cảm nhận được tinh thần Fila.</span></p><p><strong>THÔNG SỐ</strong></p><ul><li>Thân giày: Da tổng hợp, 100% polyester</li><li>Lớp lót bên trong: 100% polyester</li><li>Đế ngoài: Cao su tổng hợp</li><li>Mã sản phẩm: 1XM02338G-920</li></ul>'),
	(22, 5, 2, 'Air Jordan 1 Low SE', '2024-02-25 16:45:56', '2024-03-17 09:36:46', NULL, NULL, b'1', '<p>xxv</p>'),
	(23, 5, 5, 'Giày Chạy Bộ Unisex Hoka Cielo X1', '2024-02-26 11:54:05', '2024-03-03 14:49:07', NULL, NULL, b'1', '<p><strong style="color: rgb(27, 27, 27);">GIÀY CHẠY BỘ UNISEX HOKA CIELO X1</strong></p><p><span style="color: rgb(27, 27, 27);">Trải nghiệm sự đột phá với Giày Chạy Bộ Unisex Hoka Cielo X1, sản phẩm mang đến hiệu suất tối ưu và độ bền không giới hạn cho những vận động viên chuyên nghiệp. Thiết kế đỉnh cao, chất liệu tiên tiến, đôi giày giúp bạn cảm nhận được sức mạnh và độ đàn hồi cần thiết để vượt qua mọi giới hạn.</span></p><p><strong>THÔNG SỐ</strong></p><ul><li>Lớp đế carbon dẻo dai, nhẹ nhàng</li><li>Đế giữa được làm từ foam nén chất lượng cao, mang lại sự thoải mái và hỗ trợ tối đa cho từng bước chạy</li><li>Công nghệ Meta-Rocker giúp bạn chuyển động mạnh mẽ, linh hoạt, tiết kiệm năng lượng, duy trì tốc độ đỉnh cao trong suốt cuộc đua.</li><li>Đế Pebax® 4 đinh giúp duy trì độ bám và ổn định trên mọi bề mặt đường đua</li><li>Chất liệu lưới kỹ thuật giúp tăng cường khả năng thoáng khí, giữ cho đôi chân luôn khô ráo trong mọi thời tiết</li><li>Mã sản phẩm: 1147910-ENN</li></ul>');

INSERT INTO `tags` (`id`, `ten`, `ngay_tao`, `ngay_sua`, `nguoi_tao`, `nguoi_sua`, `trang_thai`) VALUES
	(6, '#LUDEPTRAI', '2024-02-22 08:34:04', '2024-02-22 08:34:04', NULL, NULL, b'1'),
	(7, '#ANHTUAN', '2024-02-22 08:53:02', '2024-02-22 08:53:02', NULL, NULL, b'1'),
	(10, '#CHUNGKET', '2024-02-22 12:44:08', '2024-02-22 12:44:15', NULL, NULL, b'1'),
	(11, '#CHUCMUNGNAMMOI', '2024-02-22 12:44:56', '2024-02-22 12:44:56', NULL, NULL, b'1');

INSERT INTO `tags_san_pham` (`id`, `id_tag`, `id_san_pham`) VALUES
	(22, 6, 17),
	(25, 10, 1),
	(26, 11, 1),
	(28, 7, 23),
	(29, 6, 3),
	(30, 7, 3),
	(31, 10, 16),
	(32, 11, 16);

INSERT INTO `the_loai` (`id`, `ten`, `ngay_tao`, `ngay_sua`, `nguoi_tao`, `nguoi_sua`, `trang_thai`) VALUES
	(1, 'Chạy Bộ', '2024-02-05 02:13:36', '2024-02-22 14:55:10', NULL, NULL, b'1'),
	(2, 'Thể Thao', '2024-02-14 07:33:40', '2024-02-21 07:32:40', NULL, NULL, b'1'),
	(5, ' Thời Trang', '2024-02-20 04:30:12', '2024-02-21 06:47:37', NULL, NULL, b'1'),
	(6, 'Chạy Chậm', '2024-04-15 15:38:30', '2024-04-15 15:38:30', NULL, NULL, b'1');

INSERT INTO `thuong_hieu` (`id`, `ten`, `ngay_tao`, `ngay_sua`, `nguoi_tao`, `nguoi_sua`, `trang_thai`) VALUES
	(1, 'Converse', '2024-02-05 02:15:47', '2024-02-05 02:15:47', NULL, NULL, b'1'),
	(2, 'Puma', '2024-02-05 08:14:58', '2024-02-05 08:14:58', NULL, NULL, b'1'),
	(3, 'Nike', '2024-02-13 08:11:18', '2024-02-13 08:11:18', NULL, NULL, b'1'),
	(4, 'Vans', '2024-02-14 07:53:29', '2024-02-14 07:53:29', NULL, NULL, b'1'),
	(5, 'Adidas', '2024-02-22 14:53:20', '2024-02-22 14:53:20', NULL, NULL, b'1');

INSERT INTO `user` (`id`, `email`, `password`, `role`, `id_khach_hang`, `id_nhan_vien`, `verify_at`, `avatar`, `ngay_tao`, `ngay_sua`, `nguoi_tao`, `nguoi_sua`, `trang_thai`) VALUES
	(1, 'anhtuanlc@gmail.com', '$2a$10$J9nj3M8cSBATWYo5tgAgBeyerQfQhFf3kPR6ekzFD/Yw0Fheb2LLW', 'CUSTOMER', 1, NULL, NULL, 'https://firebasestorage.googleapis.com/v0/b/datn-lightbe.appspot.com/o/images%2FhAozQbf9HQ.jpg?alt=media&token=19ab3e8c-2e26-4998-8954-aa1516aec0ef', '2024-03-15 01:28:13', '2024-04-10 14:30:26', NULL, NULL, b'1'),
	(2, 'anhtuanlc.15@gmail.com', '$2a$10$J9nj3M8cSBATWYo5tgAgBeyerQfQhFf3kPR6ekzFD/Yw0Fheb2LLW', 'CUSTOMER', NULL, 1, NULL, 'https://firebasestorage.googleapis.com/v0/b/datn-lightbe.appspot.com/o/avatars%2FFujzGnoPIG.jpg?alt=media&token=319e305f-f393-4c46-bd21-e8deab111b6c', NULL, NULL, NULL, NULL, b'0'),
	(3, 'anhtuanlc.12@gmail.com', '$2a$10$VqS4tMSMU9YJx.j1fLj2KuKJ154m.5Bm3u7vbt3AKWYBDg/YngqCG', 'CUSTOMER', 2, NULL, NULL, NULL, NULL, NULL, NULL, NULL, b'0'),
	(4, 'thientan9912lc@gmail.com', '$2a$10$YXp6k/ZJ/U8f.ebpo3ABOeULgaHxIQwxrcKrsAdY74mP0fAKnERSK', 'CUSTOMER', 3, NULL, NULL, NULL, NULL, NULL, NULL, NULL, b'0'),
	(5, 'lutan221@gmail.com', '$2a$10$jkCuImDZ3I.7maHcpgXFk.C6AHEHtTL76nhLGsu6D/2j2FUfiqjeG', 'CUSTOMER', 4, NULL, NULL, NULL, NULL, NULL, NULL, NULL, b'0'),
	(6, 'lutan2212@gmail.com', '$2a$10$J9nj3M8cSBATWYo5tgAgBeyerQfQhFf3kPR6ekzFD/Yw0Fheb2LLW', 'USER', NULL, 2, NULL, 'https://firebasestorage.googleapis.com/v0/b/datn-lightbe.appspot.com/o/avatars%2FKWIPFb2HZg.jpg?alt=media&token=a6105bb9-1a41-43aa-a38e-fb203733ea95', NULL, NULL, NULL, NULL, b'0'),
	(7, 'thientan9912lc+7@gmail.com', '$2a$10$2oG76BVbeSER7CYPI2liSe2NouQnRrCNMQuwlKMMxxCYI7PcRTZqW', 'CUSTOMER', NULL, 3, NULL, 'https://firebasestorage.googleapis.com/v0/b/datn-lightbe.appspot.com/o/avatars%2FFgt3NCxnOj.jpg?alt=media&token=c51b7c13-5300-40d5-874e-96333a7526bd', NULL, NULL, NULL, NULL, b'0'),
	(8, 'ngocngan.12@gmail.com', '$2a$10$3W.Q1tJ/wOscg1C3gng8yOjH9jRJs59BIA3nqT4saOmvrEycJX7rO', 'MANAGER', NULL, 4, NULL, 'https://firebasestorage.googleapis.com/v0/b/datn-lightbe.appspot.com/o/avatars%2FUObYR08bZF.JPG?alt=media&token=c25ff749-76d2-4e38-9597-1097160cbe0a', NULL, NULL, NULL, NULL, b'0'),
	(9, 'admin@gmail.com', '$2a$10$J9nj3M8cSBATWYo5tgAgBeyerQfQhFf3kPR6ekzFD/Yw0Fheb2LLW', 'ADMIN', NULL, 5, NULL, 'https://firebasestorage.googleapis.com/v0/b/datn-lightbe.appspot.com/o/avatars%2Ffw4gmb9AUR.JPG?alt=media&token=7dd30254-2e85-427d-ad16-9bd879cd2231', NULL, NULL, NULL, NULL, b'0'),
	(10, 'customer@gmail.com', '$2a$10$J9nj3M8cSBATWYo5tgAgBeyerQfQhFf3kPR6ekzFD/Yw0Fheb2LLW', 'CUSTOMER', 5, NULL, NULL, '/assets/customer/img/icon/user.png', NULL, '2024-04-15 14:10:59', NULL, NULL, b'0'),
	(11, 'lutan2212041@gmail.com', '$2a$10$ulP3ONkx7MFVPudJX/.SueF60mBaBPkaLt./KWREFKQkjly22KiBO', 'MANAGER', NULL, 6, NULL, 'https://firebasestorage.googleapis.com/v0/b/datn-lightbe.appspot.com/o/avatars%2Ff4rOQcLXg1.JPG?alt=media&token=59f0913e-f3f3-4160-b9e6-c2ea2aa68dc5', NULL, NULL, NULL, NULL, b'0'),
	(12, 'lutlph14249@fpt.edu.vn', '$2a$10$zixv3txDOZzQh7MJqvd.leRw3MUAKe6rJ2zlWsa8aD2pckQ14p2By', 'ADMIN', NULL, 7, NULL, 'https://firebasestorage.googleapis.com/v0/b/datn-lightbe.appspot.com/o/avatars%2F4qgE9DB1S1.png?alt=media&token=389bb5a5-22f9-42a3-8e82-879c94602c4e', NULL, NULL, NULL, NULL, b'0');

INSERT INTO `voucher` (`id`, `ma`, `ten`, `gia_tri_tien_mat`, `gia_tri_phan_tram`, `gia_tri_toi_da`, `id_hang_khach_hang`, `gia_tri_toi_thieu`, `so_luong`, `loai_voucher`, `ngay_bat_dau`, `ngay_ket_thuc`, `ngay_tao`, `ngay_sua`, `nguoi_tao`, `nguoi_sua`, `trang_thai`, `mo_ta`) VALUES
	(2, 'VC00001', 'Quan Hung Yen 1', NULL, 10, 100000.00, NULL, 100000.00, 100, '%', '2024-02-26 14:01:00', '2024-05-01 14:01:00', NULL, '2024-04-13 15:49:13', NULL, NULL, 3, ''),
	(3, 'VC00002', 'Quan Hung Yen', 100000.00, NULL, 100000.00, NULL, 100000.00, 4, '$', '2024-03-05 06:11:00', '2024-05-05 14:14:00', NULL, '2024-04-14 09:35:41', NULL, NULL, 2, ''),
	(4, 'VC00003', 'Giảm 10K', 200000.00, NULL, 200000.00, NULL, 500000.00, 10, '$', '2024-03-06 09:28:00', '2024-04-14 09:28:00', NULL, '2024-04-13 15:45:29', NULL, NULL, 3, ''),
	(5, 'VC00004', 'cccx', NULL, 20, 150000.00, NULL, 1000000.00, 85, '%', '2024-03-07 08:17:00', '2024-05-30 08:17:00', NULL, '2024-04-14 09:18:02', NULL, NULL, 2, ''),
	(6, 'VC00005', 'cx5', 1200000.00, NULL, 1.00, NULL, 10000000.00, 92, '$', '2024-03-07 15:13:00', '2024-07-21 15:13:00', NULL, '2024-04-15 07:00:59', NULL, NULL, 2, ''),
	(7, 'VC00006', 'Anh', 5000000.00, 0, 5000000.00, NULL, 15000000.00, 99, '$', '2024-03-09 12:23:00', '2024-05-07 12:23:00', NULL, NULL, NULL, NULL, 2, NULL),
	(8, 'VC00007', 'Ngan Ha', 0.00, 15, 50000.00, NULL, 250000.00, 71, '%', '2024-03-11 07:47:00', '2024-05-07 07:45:00', NULL, NULL, NULL, NULL, 2, NULL),
	(9, 'VC00008', 'Test', 50000.00, NULL, 50000.00, NULL, 100000.00, 12, '$', '2024-04-13 14:12:00', '2024-04-30 14:12:00', '2024-04-13 14:13:10', '2024-04-14 09:12:09', NULL, NULL, 2, ''),
	(10, 'VC00009', 'Giảm 35%', NULL, 35, 500000.00, NULL, 1000000.00, 0, '%', '2024-04-14 07:02:00', '2024-05-10 15:51:00', '2024-04-13 15:52:10', '2024-04-14 07:00:35', NULL, NULL, 3, 'oke'),
	(11, 'VC00010', 'âBC', NULL, 20, 50000.00, NULL, 100000.00, 10, '%', '2024-04-14 13:54:00', '2024-04-15 13:54:00', '2024-04-14 13:55:08', '2024-04-14 13:55:08', NULL, NULL, 3, ''),
	(12, 'VC00011', 'Giảm 50%', NULL, 50, 500000.00, NULL, 2000000.00, 8, '%', '2024-04-14 14:24:00', '2024-04-22 14:24:00', '2024-04-14 14:25:05', '2024-04-14 14:25:05', NULL, NULL, 2, ''),
	(13, 'VC00012', 'CBB', 10000.00, NULL, 10000.00, NULL, 100000.00, 10, '$', '2024-04-14 14:46:00', '2024-04-23 14:46:00', '2024-04-14 14:47:12', '2024-04-14 14:47:12', NULL, NULL, 2, ''),
	(14, 'VC00013', 'Sales 50', NULL, 30, 120000.00, NULL, 1500000.00, 9, '%', '2024-04-14 15:11:00', '2024-04-25 15:11:00', '2024-04-14 15:11:55', '2024-04-14 15:11:55', NULL, NULL, 2, ''),
	(15, 'VC00014', 'Giảm 20% ', NULL, 20, 400000.00, NULL, 1000000.00, 9, '%', '2024-04-14 16:03:00', '2024-04-24 16:01:00', '2024-04-14 16:02:38', '2024-04-14 16:02:38', NULL, NULL, 2, ''),
	(16, 'VC00015', 'Sales 99%', NULL, 99, 500000.00, NULL, 1000000.00, 5, '%', '2024-04-14 15:41:00', '2024-04-26 15:41:00', '2024-04-15 15:42:12', '2024-04-15 15:42:12', NULL, NULL, 2, '');


/*!40103 SET TIME_ZONE=IFNULL(@OLD_TIME_ZONE, 'system') */;
/*!40101 SET SQL_MODE=IFNULL(@OLD_SQL_MODE, '') */;
/*!40014 SET FOREIGN_KEY_CHECKS=IFNULL(@OLD_FOREIGN_KEY_CHECKS, 1) */;
/*!40101 SET CHARACTER_SET_CLIENT=@OLD_CHARACTER_SET_CLIENT */;
/*!40111 SET SQL_NOTES=IFNULL(@OLD_SQL_NOTES, 1) */;
